Workbook
Name _GoBack: 'NBCSP, PHN '!$L$5

Sheet TOC
B1: ABN 16 515 245 497 www.aihw.gov.au Australian Institute of Health and Welfare GPO Box 570, Canberra ACT 2601, Australia Email: screeninganalysismonitoring@aihw.gov.au
A4: Table of contents
A6: Cancer screening programs: quarterly data
A7: 14 July 2023
A9: National Bowel Cancer Screening Program (NBCSP)
A10: ='NBCSP, Trend'!A2 -> Table 1: Participation in the National Bowel Cancer Screening Program, by sex, people aged 50–74, 2007–2008 to 2020–2021
A11: ='NBCSP, State, Sex, Age group '!A2 -> Table 2: Participation in the National Bowel Cancer Screening Program, by state/territory, sex and 5-year age group, people aged 50–74, 2014–2015 to 2020–2021
A12: ='NBCSP, Reparticipation'!A2 -> Table 3: Reparticipation in the National Bowel Cancer Screening Program, by 5-year age group, people aged 50–74, 2015–2016 to 2020–2021
A13: ='NBCSP, PHN '!A2 -> Table 4: Participation in the National Bowel Cancer Screening Program, by Primary Health Network area, people aged 50–74, 2014–2015 to 2020–2021
A14: ='NBCSP, SA3 2016'!A2 -> Table 5a: Participation in the National Bowel Cancer Screening Program, by Statistical Area Level 3 (ASGS 2016), people aged 50–74, 2018–2019 to 2020–2021
A15: ='NBCSP, SA3 2011'!A2 -> Table 5b: Participation in the National Bowel Cancer Screening Program, by Statistical Area Level 3 (ASGS 2011), people aged 50–74, 2014–2015 to 2017–2018
A16: ='NBCSP, SA2 2016 '!A2 -> Table 6a: Participation in the National Bowel Cancer Screening Program by Statistical Area Level 2 (ASGS 2016), people aged 50–74, 2019-2020 to 2020–2021
A17: ='NBCSP, SA2 2011'!A2 -> Table 6b: Participation in the National Bowel Cancer Screening Program, by Statistical Area Level 2 (AGSG 2011), people aged 50–74, 2015–2016 to 2017–2018
A18: ='NBCSP, Activity-Invites-State-'!A2 -> Table 7: Number of screening invitations issued by the National Bowel Cancer Screening Program, by quarter, month, sex and state/territory, people aged 50–74, January 2014 to March 2023
A19: ='NBCSP, Activity-Kits-State'!A2 -> Table 8: Number of complete screening kits returned to the National Bowel Cancer Screening Program, by quarter, month, sex and state/territory, people aged 50–74, January 2014 to March 2023
A20: BreastScreen Australia
A21: ='BreastScreen, State, Age group'!A2 -> Table 9: Participation in BreastScreen Australia, by state/territory and 5-year age group, women aged 50–74, 2014–2015 to 2021–2022
A22: ='BreastScreen AS participation'!A2 -> Table 10: Age-standardised participation rates in BreastScreen Australia, by state/territory, women aged 50–69 and 50–74, 2014–2015 to 2021–2022
A23: ='BreastScreen, PHN'!A2 -> Table 11: Participation in BreastScreen Australia, by Primary Health Network area and 5-year age group, women aged 50–74, 2014–2015 to 2019-2020
A24: ='BreastScreen, SA3 2016'!A2 -> Table 12a: Participation in BreastScreen Australia, by Statistical Area Level 3 (ASGS 2016) and 5-year age group, women aged 50–74, 2016–2017 to 2019–2020
A25: ='BreastScreen, SA3 2011'!A2 -> Table 12b: Participation in BreastScreen Australia, by Statistical Area Level 3 (ASGS 2011) and 5-year age group, women aged 50–74, 2014–2015 to 2015–2016
A26: ='BreastScreen, Activity, 40-49'!A2 -> Table 13a: Number of screening mammograms performed through BreastScreen Australia, by quarter, month and state/territory, women aged 40–49, January 2014 to March 2023
A27: ='BreastScreen, Activity, 50-74'!A2 -> Table 13b: Number of screening mammograms performed through BreastScreen Australia, by quarter, month and state/territory, women aged 50–74, January 2014 to March 2023
A28: ='BreastScreen, Activity, 75+'!A2 -> Table 13c: Number of screening mammograms performed through BreastScreen Australia, by quarter, month and state/territory, women aged 75+, January 2014 to March 2023
A29: ='BreastScreen, Activity, 40+'!A2 -> Table 13d: Number of screening mammograms performed through BreastScreen Australia, by quarter, month and state/territory, women aged 40+, January 2014 to March 2023
A30: National Cervical Screening Program (NCSP)
A31: ='NCSP, State, Age group'!A2 -> Table 14a: Participation in the renewed National Cervical Screening Program, by state/territory and 5-year age group, people aged 25–74, 2018–2022
A32: ='NCSP State AS'!A2 -> Table 14b: Age-standardised participation rates for the renewed National Cervical Screening Program, by state/territory, people aged 25–74, 2018–2022
A33: ='Previous NCSP, State, Age group'!A2 -> Table 15a: Participation in the previous National Cervical Screening Program, by state/territory and 5-year age group, people aged 20–69, 2014–2015 to 2015–2016
A34: ='Previous NCSP, State AS'!A2 -> Table 15b: Age-standardised participation rates for the previous National Cervical Screening Program, by state/territory, people aged 20–69, 2014–2015 to 2015–2016
A35: ='NCSP, PHN'!A2 -> Table 16a: Participation in the National Cervical Screening Program, by Primary Health Network area and 5-year age group, people aged 25–74, 2018–2021
A36: ='Previous NCSP, PHN'!A2 -> Table 16b: Participation in the previous National Cervical Screening Program, by Primary Health Network area and 5-year age group, people aged 20–69, 2014–2015 to 2015–2016
A37: ='NCSP, SA3'!A2 -> Table 17a: Participation in the National Cervical Screening Program, by Statistical Area Level 3 (ASGS 2016) and 5-year age group, people aged 25–74, 2018–2021
A38: ='Previous NCSP, SA3'!A2 -> Table 17b: Participation in the previous National Cervical Screening Program, by Statistical Area Level 3 and 5-year age group, people aged 20–69, 2014–2015 to 2015–2016
A39: ='NCSP, Activity by State'!A2 -> Table 18: Number of primary screening tests performed through the National Cervical Screening Program, by quarter, month and state/territory, people aged 25–74, January 2018 to March 2023
A41: Sources:
A42: Australian Institute of Health and Welfare analysis of National Bowel Cancer Screening Program register data.
A43: Australian Institute of Health and Welfare analysis of BreastScreen data.
A44: Australian Institute of Health and Welfare analysis of National Cancer Screening Register data.
A45: Australian Institute of Health and Welfare analysis of state and territory cervical screening register data.

Sheet Abbreviations & Symbols
A2: Abbreviations
A3: ABS | B3: Australian Bureau of Statistics
A4: AIHW | B4: Australian Institute of Health and Welfare
A5: ASGS | B5: Australian Statistical Geography Standard
A6: DHAC | B6: Australian Department of Health and Aged Care
A7: HPV | B7: human papilloma virus
A8: NBCSP | B8: National Bowel Cancer Screening Program
A9: NCSP | B9: National Cervical Screening Program
A10: NCSR | B10: National Cancer Screening Register
A11: PHN | B11: Primary Health Network area
A12: RDE | B12: Raw Data Extract
A13: SA3 | B13: Statistical Areas Level 3
A14: SA2 | B14: Statistical Areas Level 2
A15: SA1 | B15: Statistical Areas Level 1
A17: Symbols
A19: n.a. | B19: not available, not applicable
A20: n.p. | B20: not published (due to small numbers, confidentiality and/or reliability concerns)
A21: . . | B21: no data/insufficient data

Sheet NBCSP, Trend
A1: Click to return to TOC
A2: Table 1: Participation in the National Bowel Cancer Screening Program, by sex, people aged 50–74, 2007–2008 to 2020–2021
A3: Sex | B3: 2007–2008 | C3: 2008–2009 | D3: 2009–2010 | E3: 2010–2011 | F3: 2011–2012 | G3: 2012–2013 | H3: 2013–2014 | I3: 2014–2015 | J3: 2015–2016 | K3: 2016–2017 | L3: 2017–2018 | M3: 2018–2019 | N3: 2019–2020 | O3: 2020–2021
A4: Males | B4: 40 | C4: 39.8 | D4: 37.9 | E4: 35.7 | F4: 34.1 | G4: 33.4 | H4: 34.7 | I4: 36.5 | J4: 39 | K4: 39.4 | L4: 40.2 | M4: 41.3 | N4: 41.9 | O4: 38.9
A5: Females | B5: 48.2 | C5: 47.5 | D5: 44.2 | E5: 41.6 | F5: 39.9 | G5: 38.8 | H5: 40.1 | I5: 41.2 | J5: 42.9 | K5: 43.2 | L5: 44.5 | M5: 45.6 | N5: 45.7 | O5: 42.8
A6: Persons | B6: 44 | C6: 43.6 | D6: 41 | E6: 38.6 | F6: 37 | G6: 36.1 | H6: 37.4 | I6: 38.9 | J6: 40.9 | K6: 41.3 | L6: 42.4 | M6: 43.5 | N6: 43.8 | O6: 40.9
A8: Notes
A9: 1. Biennial screening was fully rolled out in 2020 to people aged 50–74. For earlier periods, the specific ages invited within the 50–74 age range included 55 and 65 in 2007; 50, 55 and 65 in 2008 to 2013; 50, 55, 60 and 65 in 2014; 50, 55, 60, 65, 70 and 74 in 2015; 50, 55, 60, 64, 65, 70, 72 and 74 in 2016; 50, 54, 55, 58, 60, 64, 68, 70, 72 and 74 in 2017; and 50, 54, 58, 60, 62, 64, 66, 68, 70, 72 and 74 in 2018 and 50, 52, 54, 56, 58, 60, 62, 64, 66, 68, 70, 72 and 74 in 2019.
A10: 2. These results calculate participation rates using the new NBCSP performance indicator specifications. This indicator now measures a 2-year invitation period and also excludes those who opted off or suspended participation. Therefore, these results cannot be compared to rates reported prior to 2014. For further information see the NBCSP performance indicator documentation (https://www.aihw.gov.au/reports-data/health-welfare-services/cancer-screening/indicators).
A11: 3. Each 2-year period covers from 1 January in the first year to 31 December in the following year. For example, 2017–2018 covers 1 January 2017 to 31 December 2018 inclusive.
A12: 4. These data are sourced from a live database, which is updated over time, with later data supply likely to have a greater level of completeness. This means that the data in this report may differ from data sourced at a different time.
A14: Source: AIHW analysis of National Bowel Cancer Screening Program (Department of Human Services) register data and National Cancer Screening Register data (NCSR RDE 14/01/2023).

Sheet NBCSP, State, Sex, Age group 
A1: Click to return to TOC
A2: Table 2: Participation in the National Bowel Cancer Screening Program, by state/territory, sex and 5-year age group, people aged 50–74, 2014–2015 to 2020–2021
D3: 2014–2015 | H3: 2015–2016 | L3: 2016–2017 | P3: 2017–2018 | T3: 2018–2019 | X3: 2019–2020 | AB3: 2020–2021
A4: State/territory | B4: Sex | C4: Age group | D4: Participated | E4: Invited | F4: Participation (%) | H4: Participated | I4: Invited | J4: Participation (%) | L4: Participated | M4: Invited | N4: Participation (%) | P4: Participated | Q4: Invited | R4: Participation (%) | T4: Participated | U4: Invited | V4: Participation (%) | X4: Participated | Y4: Invited | Z4: Participation (%) | AB4: Participated | AC4: Invited | AD4: Participation (%)
A5: NSW | B5: Males | C5: 50–54 | D5: 26421 | E5: 108394 | F5: 24.4 | H5: 23763 | I5: 99410 | J5: 23.9 | L5: 36402 | M5: 142633 | N5: 25.5 | P5: 53684 | Q5: 196626 | R5: 27.3 | T5: 67540 | U5: 233424 | V5: 28.934471 | X5: 82345 | Y5: 271797 | Z5: 30.296508 | AB5: 84464 | AC5: 285976 | AD5: 29.535346
A6: NSW | B6: Males | C6: 55–59 | D6: 32124 | E6: 101229 | F6: 31.7 | H6: 30401 | I6: 98282 | J6: 30.9 | L6: 42821 | M6: 139861 | N6: 30.6 | P6: 46003 | Q6: 142636 | R6: 32.3 | T6: 46805 | U6: 139072 | V6: 33.655229 | X6: 60349 | Y6: 172330 | Z6: 35.019439 | AB6: 58699 | AC6: 175854 | AD6: 33.379394
A7: NSW | B7: Males | C7: 60–64 | D7: 35337 | E7: 94552 | F7: 37.4 | H7: 45509 | I7: 121437 | J7: 37.5 | L7: 59992 | M7: 159624 | N7: 37.6 | P7: 78127 | Q7: 204947 | R7: 38.1 | T7: 93732 | U7: 238788 | V7: 39.253229 | X7: 88409 | Y7: 208560 | Z7: 42.390199 | AB7: 90359 | AC7: 228883 | AD7: 39.478249
A8: NSW | B8: Males | C8: 65–69 | D8: 30764 | E8: 81280 | F8: 37.8 | H8: 30008 | I8: 76644 | J8: 39.2 | L8: 30035 | M8: 70505 | N8: 42.6 | P8: 46915 | Q8: 105565 | R8: 44.4 | T8: 63218 | U8: 138956 | V8: 45.494977 | X8: 59313 | Y8: 120448 | Z8: 49.243657 | AB8: 60226 | AC8: 130020 | AD8: 46.320566
A9: NSW | B9: Males | C9: 70–74 | D9: 21427 | E9: 44142 | F9: 48.5 | H9: 59483 | I9: 122475 | J9: 48.6 | L9: 76837 | M9: 159116 | N9: 48.3 | P9: 82458 | Q9: 169229 | R9: 48.7 | T9: 84649 | U9: 169823 | V9: 49.845427 | X9: 80129 | Y9: 150559 | Z9: 53.220996 | AB9: 80137 | AC9: 161651 | AD9: 49.574082
A10: NSW | B10: Males | C10: 50–74 | D10: 146073 | E10: 429597 | F10: 34 | H10: 189164 | I10: 518248 | J10: 36.5 | L10: 246087 | M10: 671739 | N10: 36.6 | P10: 307187 | Q10: 819003 | R10: 37.5 | T10: 355944 | U10: 920063 | V10: 38.686916 | X10: 370545 | Y10: 923694 | Z10: 40.115558 | AB10: 373885 | AC10: 982384 | AD10: 38.058946
A11: NSW | B11: Females | C11: 50–54 | D11: 29589 | E11: 107019 | F11: 27.6 | H11: 26663 | I11: 98185 | J11: 27.2 | L11: 40989 | M11: 143064 | N11: 28.7 | P11: 61389 | Q11: 198815 | R11: 30.9 | T11: 76493 | U11: 235401 | V11: 32.494764 | X11: 91688 | Y11: 278574 | Z11: 32.913337 | AB11: 92340 | AC11: 291804 | AD11: 31.644529
A12: NSW | B12: Females | C12: 55–59 | D12: 36864 | E12: 101181 | F12: 36.4 | H12: 34497 | I12: 98043 | J12: 35.2 | L12: 48669 | M12: 139453 | N12: 34.9 | P12: 52598 | Q12: 142804 | R12: 36.8 | T12: 53431 | U12: 140191 | V12: 38.113003 | X12: 67667 | Y12: 173448 | Z12: 39.012845 | AB12: 65098 | AC12: 173230 | AD12: 37.578941
A13: NSW | B13: Females | C13: 60–64 | D13: 40806 | E13: 95956 | F13: 42.5 | H13: 51446 | I13: 123375 | J13: 41.7 | L13: 68032 | M13: 162196 | N13: 41.9 | P13: 89980 | Q13: 209217 | R13: 43 | T13: 107340 | U13: 244605 | V13: 43.882995 | X13: 100134 | Y13: 215838 | Z13: 46.393128 | AB13: 100964 | AC13: 230825 | AD13: 43.740496
A14: NSW | B14: Females | C14: 65–69 | D14: 34267 | E14: 81612 | F14: 42 | H14: 33168 | I14: 76958 | J14: 43.1 | L14: 32581 | M14: 71035 | N14: 45.9 | P14: 51600 | Q14: 108012 | R14: 47.8 | T14: 69888 | U14: 141993 | V14: 49.219328 | X14: 65898 | Y14: 124821 | Z14: 52.794001 | AB14: 66593 | AC14: 133282 | AD14: 49.963986
A15: NSW | B15: Females | C15: 70–74 | D15: 22144 | E15: 44738 | F15: 49.5 | H15: 61333 | I15: 123548 | J15: 49.6 | L15: 78951 | M15: 159977 | N15: 49.4 | P15: 85767 | Q15: 170859 | R15: 50.2 | T15: 88468 | U15: 172229 | V15: 51.366495 | X15: 82534 | Y15: 153213 | Z15: 53.868797 | AB15: 82112 | AC15: 163590 | AD15: 50.193777
A16: NSW | B16: Females | C16: 50–74 | D16: 163670 | E16: 430506 | F16: 38 | H16: 207107 | I16: 520109 | J16: 39.8 | L16: 269222 | M16: 675725 | N16: 39.8 | P16: 341334 | Q16: 829707 | R16: 41.1 | T16: 395620 | U16: 934419 | V16: 42.338608 | X16: 407921 | Y16: 945894 | Z16: 43.125445 | AB16: 407107 | AC16: 992731 | AD16: 41.008793
... A166: Australia | B166: Persons | C166: 50–74 | D166: 1014327 | E166: 2608599 | F166: 38.9 | H166: 1298942 | I166: 3174835 | J166: 40.9 | L166: 1693430 | M166: 4100498 | N166: 41.3 | P166: 2149569 | Q166: 5074538 | R166: 42.4 | T166: 2497317 | U166: 5744244 | V166: 43.47512 | X166: 2523538 | Y166: 5758228 | Z166: 43.824906 | AB166: 2490265 | AC166: 6090979 | AD166: 40.884479
A168: Notes
A169: 1. State and territory refers to state and territory of residence.
A170: 2. Biennial screening was fully rolled out in 2020 to people aged 50–74. For earlier periods, the specific ages invited within the 50–74 age range included 55 and 65 in 2007; 50, 55 and 65 in 2008 to 2013; 50, 55, 60 and 65 in 2014; 50, 55, 60, 65, 70 and 74 in 2015; 50, 55, 60, 64, 65, 70, 72 and 74 in 2016; 50, 54, 55, 58, 60, 64, 68, 70, 72 and 74 in 2017; and 50, 54, 58, 60, 62, 64, 66, 68, 70, 72 and 74 in 2018 and 50, 52, 54, 56, 58, 60, 62, 64, 66, 68, 70, 72 and 74 in 2019.
A171: 3. These results calculate participation rates using the new NBCSP performance indicator specifications. This indicator now measures a 2-year invitation period and also excludes those who opted off or suspended participation. Therefore, these results cannot be compared to rates reported prior to 2014. For further information see the NBCSP performance indicator documentation (https://www.aihw.gov.au/reports-data/health-welfare-services/cancer-screening/indicators).
A172: 4. Each 2-year period covers from 1 January in the first year to 31 December in the following year. For example, 2017–2018 covers 1 January 2017 to 31 December 2018 inclusive.
A173: 5. These data are sourced from a live database, which is updated over time, with later data supply likely to have a greater level of completeness. This means that the data in this report may differ from data sourced at a different time.
A175: Source: AIHW analysis of National Bowel Cancer Screening Program (Department of Human Services) register data and National Cancer Screening Register data (NCSR RDE 14/01/2023).

Sheet NBCSP, Reparticipation
A1: Click to return to TOC
A2: Table 3: Reparticipation in the National Bowel Cancer Screening Program, by 5-year age group, people aged 50–74, 2015–2016 to 2020–2021
D3: 2015–2016 | H3: 2016–2017 | L3: 2017–2018 | P3: 2018–2019 | T3: 2019–2020 | X3: 2020–2021
A4: Invitation round | B4: Screened in previous invitation round? | C4: Age group | D4: Participated | E4: Invited | F4: Participation (%) | H4: Participated | I4: Invited | J4: Participation (%) | L4: Participated | M4: Invited | N4: Participation (%) | P4: Participated | Q4: Invited | R4: Participation (%) | T4: Participated | U4: Invited | V4: Participation (%) | X4: Participated | Y4: Invited | Z4: Participation (%)
A5: First | B5: n.a. | C5: 50–54 | D5: 213023 | E5: 621523 | F5: 27.9 | H5: 175798 | I5: 616542 | J5: 28.5 | L5: 197154 | M5: 650591 | N5: 30.3 | P5: 213023 | Q5: 654611 | R5: 32.5 | T5: 226133 | U5: 701053 | V5: 32.3 | X5: 228131 | Y5: 748193 | Z5: 30.5
A6: First | B6: n.a. | C6: 55–59 | D6: 3598 | E6: 13661 | F6: 26.3 | H6: 4069 | I6: 14845 | J6: 27.4 | L6: 3568 | M6: 11723 | N6: 30.4 | P6: 2841 | Q6: 8688 | R6: 32.7 | T6: 3894 | U6: 15651 | V6: 24.9 | X6: 3307 | Y6: 12432 | Z6: 26.6
A7: First | B7: n.a. | C7: 60–64 | D7: 5920 | E7: 18718 | F7: 31.6 | H7: 6917 | I7: 21001 | J7: 32.9 | L7: 6560 | M7: 18264 | N7: 35.9 | P7: 6270 | Q7: 16808 | R7: 37.3 | T7: 4827 | U7: 16828 | V7: 28.7 | X7: 3410 | Y7: 11366 | Z7: 30
A8: First | B8: n.a. | C8: 65–69 | D8: 144226 | E8: 336933 | F8: 42.8 | H8: 46764 | I8: 109365 | J8: 42.8 | L8: 2088 | M8: 5445 | N8: 38.3 | P8: 2990 | Q8: 7675 | R8: 39 | T8: 3092 | U8: 10471 | V8: 29.5 | X8: 1978 | Y8: 6968 | Z8: 28.4
A9: First | B9: n.a. | C9: 70–74 | D9: 24182 | E9: 53868 | F9: 44.9 | H9: 4921 | I9: 13948 | J9: 35.3 | L9: 3692 | M9: 10028 | N9: 36.8 | P9: 2444 | Q9: 6370 | R9: 38.4 | T9: 2553 | U9: 11331 | V9: 22.5 | X9: 2345 | Y9: 9647 | Z9: 24.3
A10: First | B10: n.a. | C10: 50–74 | D10: 351398 | E10: 1044703 | F10: 33.6 | H10: 238469 | I10: 775701 | J10: 30.7 | L10: 213062 | M10: 696051 | N10: 30.6 | P10: 227568 | Q10: 694152 | R10: 32.8 | T10: 240499 | U10: 755334 | V10: 31.8 | X10: 239171 | Y10: 788606 | Z10: 30.3
A11: Subsequent | B11: No | C11: 50–54 | D11: 1472 | E11: 2538 | F11: 58 | H11: 34271 | I11: 194485 | J11: 17.6 | L11: 76999 | M11: 423867 | N11: 18.2 | P11: 112718 | Q11: 596518 | R11: 18.9 | T11: 129168 | U11: 718322 | V11: 18 | X11: 111088 | Y11: 740917 | Z11: 15
A12: Subsequent | B12: No | C12: 55–59 | D12: 72237 | E12: 399856 | F12: 18.1 | H12: 100081 | I12: 567662 | J12: 17.6 | L12: 103600 | M12: 576118 | N12: 18 | P12: 106784 | Q12: 565414 | R12: 18.9 | T12: 126673 | U12: 686124 | V12: 18.5 | X12: 115109 | Y12: 715509 | Z12: 16.1
A13: Subsequent | B13: No | C13: 60–64 | D13: 96677 | E13: 444481 | F13: 21.8 | H13: 126050 | I13: 580940 | J13: 21.7 | L13: 154258 | M13: 750987 | N13: 20.5 | P13: 182480 | Q13: 877834 | R13: 20.8 | T13: 143761 | U13: 729223 | V13: 19.7 | X13: 136558 | Y13: 829783 | Z13: 16.5
A14: Subsequent | B14: No | C14: 65–69 | D14: 18763 | E14: 73631 | F14: 25.5 | H14: 43519 | I14: 177480 | J14: 24.5 | L14: 85453 | M14: 363887 | N14: 23.5 | P14: 113295 | Q14: 470626 | R14: 24.1 | T14: 83453 | U14: 369264 | V14: 22.6 | X14: 76940 | Y14: 413900 | Z14: 18.6
A15: Subsequent | B15: No | C15: 70–74 | D15: 79219 | E15: 326471 | F15: 24.3 | H15: 115803 | I15: 469044 | J15: 24.7 | L15: 125278 | M15: 514338 | N15: 24.4 | P15: 120337 | Q15: 515943 | R15: 23.3 | T15: 89406 | U15: 417973 | V15: 21.4 | X15: 86191 | Y15: 480506 | Z15: 17.9
A16: Subsequent | B16: No | C16: 50–74 | D16: 268368 | E16: 1246977 | F16: 21.5 | H16: 419724 | I16: 1989611 | J16: 21.1 | L16: 545588 | M16: 2629197 | N16: 20.8 | P16: 635614 | Q16: 3026335 | R16: 21 | T16: 572461 | U16: 2920906 | V16: 19.6 | X16: 525886 | Y16: 3180615 | Z16: 16.5
... A46: All rounds | B46: All | C46: 50–74 | D46: 1298942 | E46: 3174835 | F46: 40.9 | H46: 1693430 | I46: 4100498 | J46: 41.3 | L46: 2149569 | M46: 5074538 | N46: 42.4 | P46: 2497317 | Q46: 5744244 | R46: 43.5 | T46: 2523538 | U46: 5758228 | V46: 43.8 | X46: 2490265 | Y46: 6090979 | Z46: 40.9
A47: (a) Includes all first-round invitations.
A49: Notes
A50: 1. Biennial screening was fully rolled out in 2020 to people aged 50–74. For earlier periods, the specific ages invited within the 50–74 age range included 55 and 65 in 2007; 50, 55 and 65 in 2008 to 2013; 50, 55, 60 and 65 in 2014; 50, 55, 60, 65, 70 and 74 in 2015; 50, 55, 60, 64, 65, 70, 72 and 74 in 2016; 50, 54, 55, 58, 60, 64, 68, 70, 72 and 74 in 2017; and 50, 54, 58, 60, 62, 64, 66, 68, 70, 72 and 74 in 2018 and 50, 52, 54, 56, 58, 60, 62, 64, 66, 68, 70, 72 and 74 in 2019.
A51: 2. These results calculate participation rates using the new NBCSP performance indicator specifications. This indicator now measures a 2-year invitation period and also excludes those who opted off or suspended participation. For further information see the NBCSP performance indicator documentation (https://www.aihw.gov.au/reports-data/health-welfare-services/cancer-screening/indicators).
A52: 3. Rescreening invitations for some age groups only include manually reinvited people, leading to small numbers. Rates for those age groups are not representative of true reparticipation.
A53: 4. Each 2-year period covers from 1 January in the first year to 31 December in the following year. For example, 2017–2018 covers 1 January 2017 to 31 December 2018 inclusive.
A54: 5. Reparticipation rates by 5-year age groups is not available for the period 2014–2015 or earlier.
A55: 6. These data are sourced from a live database, which is updated over time, with later data supply likely to have a greater level of completeness. This means that the data in this report may differ from data sourced at a different time.
A57: Source: AIHW analysis of National Bowel Cancer Screening Program (Department of Human Services) register data and National Cancer Screening Register data (NCSR RDE 14/01/2023).

Sheet NBCSP, PHN 
A1: Click to return to TOC
A2: Table 4: Participation in the National Bowel Cancer Screening Program, by Primary Health Network area, people aged 50–74, 2014–2015 to 2020–2021
D3: 2014–2015 | H3: 2015–2016 | L3: 2016–2017 | P3: 2017–2018 | T3: 2018–2019 | X3: 2019–2020 | AB3: 2020–2021
A4: State/territory | B4: PHN code | C4: PHN name | D4: Participated | E4: Invited | F4: Participation (%) | H4: Participated | I4: Invited | J4: Participation (%) | L4: Participated | M4: Invited | N4: Participation (%) | P4: Participated | Q4: Invited | R4: Participation (%) | T4: Participated | U4: Invited | V4: Participation (%) | X4: Participated | Y4: Invited | Z4: Participation (%) | AB4: Participated | AC4: Invited | AD4: Participation (%)
A5: NSW | B5: PHN101 | C5: Central and Eastern Sydney | D5: 52039 | E5: 157280 | F5: 33.1 | H5: 64863 | I5: 186508 | J5: 34.8 | L5: 83365 | M5: 237308 | N5: 35.1 | P5: 107191 | Q5: 293747 | R5: 36.5 | T5: 123641 | U5: 326857 | V5: 37.827246 | X5: 132260 | Y5: 339678 | Z5: 38.936757 | AB5: 132758 | AC5: 356631 | AD5: 37.225576
A6: NSW | B6: PHN102 | C6: Northern Sydney | D6: 39723 | E6: 103788 | F6: 38.3 | H6: 49568 | I6: 123424 | J6: 40.2 | L6: 63820 | M6: 158335 | N6: 40.3 | P6: 81954 | Q6: 195865 | R6: 41.8 | T6: 94475 | U6: 218464 | V6: 43.245111 | X6: 99774 | Y6: 224328 | Z6: 44.476747 | AB6: 100537 | AC6: 233208 | AD6: 43.110265
A7: NSW | B7: PHN103 | C7: Western Sydney | D7: 30122 | E7: 92220 | F7: 32.7 | H7: 37526 | I7: 109418 | J7: 34.3 | L7: 48703 | M7: 140145 | N7: 34.8 | P7: 62061 | Q7: 174559 | R7: 35.6 | T7: 74641 | U7: 205496 | V7: 36.322362 | X7: 76879 | Y7: 204050 | Z7: 37.676378 | AB7: 77444 | AC7: 217694 | AD7: 35.574617
A8: NSW | B8: PHN104 | C8: Nepean Blue Mountains | D8: 14430 | E8: 42331 | F8: 34.1 | H8: 18077 | I8: 49414 | J8: 36.6 | L8: 23523 | M8: 63976 | N8: 36.8 | P8: 29848 | Q8: 78028 | R8: 38.3 | T8: 33794 | U8: 83209 | V8: 40.613395 | X8: 36819 | Y8: 89336 | Z8: 41.213348 | AB8: 36903 | AC8: 94243 | AD8: 39.157515
A9: NSW | B9: PHN105 | C9: South Western Sydney | D9: 33877 | E9: 103647 | F9: 32.7 | H9: 41807 | I9: 122019 | J9: 34.3 | L9: 55096 | M9: 158162 | N9: 34.8 | P9: 71045 | Q9: 197483 | R9: 36 | T9: 77944 | U9: 208461 | V9: 37.390207 | X9: 89514 | Y9: 231084 | Z9: 38.736707 | AB9: 90734 | AC9: 247225 | AD9: 36.70075
A10: NSW | B10: PHN106 | C10: South Eastern NSW | D10: 29569 | E10: 74364 | F10: 39.8 | H10: 38472 | I10: 91471 | J10: 42.1 | L10: 49865 | M10: 118724 | N10: 42 | P10: 62721 | Q10: 145358 | R10: 43.1 | T10: 72296 | U10: 163551 | V10: 44.203949 | X10: 74584 | Y10: 163798 | Z10: 45.534393 | AB10: 74761 | AC10: 172565 | AD10: 43.323683
A11: NSW | B11: PHN107 | C11: Western NSW | D11: 12443 | E11: 34380 | F11: 36.2 | H11: 16633 | I11: 43264 | J11: 38.4 | L11: 21676 | M11: 56913 | N11: 38.1 | P11: 26361 | Q11: 69026 | R11: 38.2 | T11: 29211 | U11: 74557 | V11: 39.17942 | X11: 30090 | Y11: 74800 | Z11: 40.226781 | AB11: 30168 | AC11: 80568 | AD11: 37.444568
A12: NSW | B12: PHN108 | C12: Hunter New England and Central Coast | D12: 56464 | E12: 146725 | F12: 38.5 | H12: 74962 | I12: 181236 | J12: 41.4 | L12: 96831 | M12: 236916 | N12: 40.9 | P12: 120907 | Q12: 288297 | R12: 41.9 | T12: 140326 | U12: 325500 | V12: 43.110906 | X12: 141147 | Y12: 319863 | Z12: 44.127242 | AB12: 140871 | AC12: 336416 | AD12: 41.874039
A13: NSW | B13: PHN109 | C13: North Coast | D13: 27751 | E13: 70087 | F13: 39.6 | H13: 36056 | I13: 85942 | J13: 42 | L13: 46217 | M13: 111362 | N13: 41.5 | P13: 57413 | Q13: 136779 | R13: 42 | T13: 64567 | U13: 150916 | V13: 42.783403 | X13: 66268 | Y13: 151343 | Z13: 43.786999 | AB13: 65551 | AC13: 159902 | AD13: 40.994549
A14: NSW | B14: PHN110 | C14: Murrumbidgee | D14: 10365 | E14: 27588 | F14: 37.6 | H14: 13980 | I14: 34607 | J14: 40.4 | L14: 18640 | M14: 45851 | N14: 40.7 | P14: 22488 | Q14: 54689 | R14: 41.1 | T14: 29641 | U14: 69355 | V14: 42.738087 | X14: 25113 | Y14: 58201 | Z14: 43.148085 | AB14: 25178 | AC14: 62458 | AD14: 40.312494
A15: Vic | B15: PHN201 | C15: North Western Melbourne | D15: 54838 | E15: 149429 | F15: 36.7 | H15: 69028 | I15: 180693 | J15: 38.2 | L15: 93037 | M15: 234787 | N15: 39.6 | P15: 121168 | Q15: 291671 | R15: 41.5 | T15: 135495 | U15: 315675 | V15: 42.922309 | X15: 150652 | Y15: 347686 | Z15: 43.329914 | AB15: 152659 | AC15: 372823 | AD15: 40.94676
A16: Vic | B16: PHN202 | C16: Eastern Melbourne | D16: 68706 | E16: 167111 | F16: 41.1 | H16: 87394 | I16: 202167 | J16: 43.2 | L16: 114725 | M16: 257276 | N16: 44.6 | P16: 146556 | Q16: 314506 | R16: 46.6 | T16: 162870 | U16: 344952 | V16: 47.215265 | X16: 170280 | Y16: 354321 | Z16: 48.058109 | AB16: 169656 | AC16: 372305 | AD16: 45.569139
... A35: NT | B35: PHN701 | C35: Northern Territory | D35: 6180 | E35: 21510 | F35: 28.7 | H35: 6782 | I35: 23765 | J35: 28.5 | L35: 8079 | M35: 28661 | N35: 28.2 | P35: 12430 | Q35: 42742 | R35: 29.1 | T35: 9429 | U35: 33174 | V35: 28.422861 | X35: 10310 | Y35: 39342 | Z35: 26.205124 | AB35: 11099 | AC35: 43840 | AD35: 25.318162
A36: Unknown | C36: Unknown | D36: 1326 | E36: 4014 | F36: 33 | H36: 2805 | I36: 7859 | J36: 35.7 | L36: 7934 | M36: 21284 | N36: 37.3 | P36: 2682 | Q36: 7489 | R36: 35.8 | T36: 29917 | U36: 74377 | V36: 40.2 | X36: 728 | Y36: 2711 | Z36: 26.85356 | AB36: 820 | AC36: 3004 | AD36: 27.2
A37: Australia | C37: Australia | D37: 1014327 | E37: 2608599 | F37: 38.9 | H37: 1298942 | I37: 3174835 | J37: 40.9 | L37: 1693430 | M37: 4100498 | N37: 41.3 | P37: 2149569 | Q37: 5074538 | R37: 42.4 | T37: 2497317 | U37: 5744244 | V37: 43.5 | X37: 2523538 | Y37: 5758228 | Z37: 43.824906 | AB37: 2490265 | AC37: 6090979 | AD37: 40.884479
A39: Notes
A40: 1. From the 2019-2020 period, PHNs were assigned to NBCSP invitees using a SA2 to PHN correspondence. Prior to the 2019-2020 period, PHNs were assigned to NBCSP invitees using an SA1 to PHN correspondence. For those invitees without reliable SA1 or SA2 details, PHNs were mapped with a postcode to PHN correspondence instead, some of which cross PHN boundaries and may lead to some minor inaccuracies in results.
A41: 2. Some invitee SA1 or SA2 codes and postcodes cannot be attributed to a PHN. These invitees were included in an 'Unknown' group where applicable.
A42: 3. PHN refers to PHN of residence.
A43: 4. PHN205 Murray includes Albury, NSW.
A44: 5. SA1 and SA2 are part of the ABS ASGS.
A45: 6. The time period of some PHN data presented is prior to the initiation of PHNs, which were in established in June 2015. For further details on PHN see the Department of Health’s website.
A46: 7. Biennial screening was fully rolled out in 2020 to people aged 50–74. For earlier periods, the specific ages invited within the 50–74 age range included 55 and 65 in 2007; 50, 55 and 65 in 2008 to 2013; 50, 55, 60 and 65 in 2014; 50, 55, 60, 65, 70 and 74 in 2015; 50, 55, 60, 64, 65, 70, 72 and 74 in 2016; 50, 54, 55, 58, 60, 64, 68, 70, 72 and 74 in 2017; and 50, 54, 58, 60, 62, 64, 66, 68, 70, 72 and 74 in 2018 and 50, 52, 54, 56, 58, 60, 62, 64, 66, 68, 70, 72 and 74 in 2019.
A47: 8. These results calculate participation rates using the new NBCSP performance indicator specifications. This indicator now measures a 2-year invitation period and also excludes those who opted off or suspended participation. For further information see the NBCSP performance indicator documentation (https://www.aihw.gov.au/reports-data/health-welfare-services/cancer-screening/indicators).
A48: 9. NBCSP participation rates per area are not related to bowel cancer incidence rates.
A49: 10. Each 2-year period covers from 1 January in the first year to 31 December in the following year. For example, 2017–2018 covers 1 January 2017 to 31 December 2018 inclusive.
A50: 11. The number of people in different PHNs may not sum to 'Australia' total due to rounding.
... A53: Source: AIHW analysis of National Bowel Cancer Screening Program (Department of Human Services) register data and National Cancer Screening Register data (NCSR RDE 14/01/2023).

Sheet NBCSP, SA3 2016
A1: Click to return to TOC
A2: Table 5a: Participation in the National Bowel Cancer Screening Program, by Statistical Area Level 3 (ASGS 2016), people aged 50–74, 2018–2019 to 2020–2021
D3: 2018–2019 | H3: 2019–2020 | L3: 2020–2021
A4: State/territory | B4: SA3 code | C4: SA3 name | D4: Participated | E4: Invited | F4: Participation (%) | H4: Participated | I4: Invited | J4: Participation (%) | L4: Participated | M4: Invited | N4: Participation (%)
A5: NSW | B5: 10102 | C5: Queanbeyan | D5: 5932 | E5: 13950 | F5: 42.52322 | H5: 6401 | I5: 14821 | J5: 43.187828 | L5: 6417 | M5: 15851 | N5: 40.5
A6: NSW | B6: 10103 | C6: Snowy Mountains | D6: 2398 | E6: 5401 | F6: 44.402175 | H6: 2477 | I6: 5492 | J6: 45.102554 | L6: 2448 | M6: 5902 | N6: 41.5
A7: NSW | B7: 10104 | C7: South Coast | D7: 12444 | E7: 25462 | F7: 48.871316 | H7: 12562 | I7: 25212 | J7: 49.825441 | L7: 12588 | M7: 26691 | N7: 47.2
A8: NSW | B8: 10105 | C8: Goulburn - Mulwaree | D8: 4203 | E8: 9793 | F8: 42.916585 | H8: 4357 | I8: 10084 | J8: 43.206132 | L8: 4389 | M8: 10773 | N8: 40.7
A9: NSW | B9: 10106 | C9: Young - Yass | D9: 4096 | E9: 9684 | F9: 42.296254 | H9: 4070 | I9: 9328 | J9: 43.629436 | L9: 4000 | M9: 9929 | N9: 40.3
A10: NSW | B10: 10201 | C10: Gosford | D10: 19636 | E10: 46547 | F10: 42.185899 | H10: 19744 | I10: 45767 | J10: 43.14029 | L10: 19686 | M10: 47708 | N10: 41.3
A11: NSW | B11: 10202 | C11: Wyong | D11: 16767 | E11: 41518 | F11: 40.384192 | H11: 17110 | I11: 41581 | J11: 41.148669 | L11: 16935 | M11: 43411 | N11: 39
A12: NSW | B12: 10301 | C12: Bathurst | D12: 4922 | E12: 11576 | F12: 42.519838 | H12: 5085 | I12: 11779 | J12: 43.170315 | L12: 5234 | M12: 12603 | N12: 41.5
A13: NSW | B13: 10302 | C13: Lachlan Valley | D13: 5976 | E13: 14988 | F13: 39.870508 | H13: 5886 | I13: 14477 | J13: 40.655412 | L13: 5880 | M13: 15492 | N13: 38
A14: NSW | B14: 10303 | C14: Lithgow - Mudgee | D14: 5309 | E14: 12931 | F14: 41.052928 | H14: 5306 | I14: 12631 | J14: 42.007713 | L14: 5277 | M14: 13343 | N14: 39.5
A15: NSW | B15: 10304 | C15: Orange | D15: 5988 | E15: 14071 | F15: 42.556924 | H15: 6198 | I15: 14131 | J15: 43.86108 | L15: 6118 | M15: 14963 | N15: 40.9
A16: NSW | B16: 10401 | C16: Clarence Valley | D16: 6986 | E16: 15959 | F16: 43.777796 | H16: 7045 | I16: 15573 | J16: 45.238289 | L16: 7022 | M16: 16533 | N16: 42.5
... A25: NSW | B25: 10701 | C25: Dapto - Port Kembla | D25: 7426 | E25: 18864 | F25: 39.365828 | H25: 7830 | I25: 18981 | J25: 41.251778 | L25: 7737 | M25: 19863 | N25: 39
A26: NSW | B26: 10702 | C26: Illawarra Catchment Reserve | D26: n.p. | E26: n.p. | F26: n.p. | H26: n.p. | I26: n.p. | J26: n.p. | L26: n.p. | M26: n.p. | N26: n.p.
A27: NSW | B27: 10703 | C27: Kiama - Shellharbour | D27: 10618 | E27: 23802 | F27: 44.607636 | H27: 10855 | I27: 23781 | J27: 45.645684 | L27: 10999 | M27: 25050 | N27: 43.9
A28: NSW | B28: 10704 | C28: Wollongong | D28: 13047 | E28: 29969 | F28: 43.534986 | H28: 13638 | I28: 30521 | J28: 44.683988 | L28: 13875 | M28: 31809 | N28: 43.6
A29: NSW | B29: 10801 | C29: Great Lakes | D29: 5188 | E29: 10699 | F29: 48.491439 | H29: 5234 | I29: 10677 | J29: 49.021329 | L29: 5173 | M29: 11269 | N29: 45.9
A30: NSW | B30: 10802 | C30: Kempsey - Nambucca | D30: 6629 | E30: 15843 | F30: 41.838067 | H30: 6646 | I30: 15672 | J30: 42.403794 | L30: 6518 | M30: 16634 | N30: 39.2
A31: NSW | B31: 10803 | C31: Lord Howe Island | D31: 53 | E31: 114 | F31: 46.491228 | H31: 50 | I31: 117 | J31: 42.735043 | L31: 56 | M31: 129 | N31: 43.4
A32: NSW | B32: 10804 | C32: Port Macquarie | D32: 10556 | E32: 23684 | F32: 44.569748 | H32: 10685 | I32: 23290 | J32: 45.878128 | L32: 10575 | M32: 24527 | N32: 43.1
A33: NSW | B33: 10805 | C33: Taree - Gloucester | D33: 8301 | E33: 17712 | F33: 46.866477 | H33: 8238 | I33: 17361 | J33: 47.451304 | L33: 8215 | M33: 18423 | N33: 44.6
A34: NSW | B34: 10901 | C34: Albury | D34: 7346 | E34: 15716 | F34: 46.742876 | H34: 7271 | I34: 15203 | J34: 47.825167 | L34: 7320 | M34: 16477 | N34: 44.4
A35: NSW | B35: 10902 | C35: Lower Murray | D35: 1352 | E35: 3195 | F35: 42.317762 | H35: 1331 | I35: 3054 | J35: 43.586016 | L35: 1341 | M35: 3296 | N35: 40.7
A36: NSW | B36: 10903 | C36: Upper Murray exc. Albury | D36: 5857 | E36: 12333 | F36: 47.490373 | H36: 5487 | I36: 11491 | J36: 47.750566 | L36: 5585 | M36: 12480 | N36: 44.8
A37: NSW | B37: 11001 | C37: Armidale | D37: 4225 | E37: 9454 | F37: 44.684182 | H37: 4380 | I37: 9679 | J37: 45.252604 | L37: 4348 | M37: 10090 | N37: 43.1
A38: NSW | B38: 11002 | C38: Inverell - Tenterfield | D38: 4529 | E38: 11128 | F38: 40.697387 | H38: 4367 | I38: 10555 | J38: 41.376577 | L38: 4290 | M38: 11281 | N38: 38
... A53: NSW | B53: 11502 | C53: Dural - Wisemans Ferry | D53: 3094 | E53: 7527 | F53: 41.105212 | H53: 3045 | I53: 7186 | J53: 42.372152 | L53: 3071 | M53: 7457 | N53: 41.2
A54: NSW | B54: 11503 | C54: Hawkesbury | D54: n.p. | E54: n.p. | F54: n.p. | H54: 2792 | I54: 6322 | J54: 44.169904 | L54: 2768 | M54: 6659 | N54: 41.6
A55: NSW | B55: 11504 | C55: Rouse Hill - McGraths Hill | D55: n.p. | E55: n.p. | F55: n.p. | H55: 3590 | I55: 8715 | J55: 41.191613 | L55: 3944 | M55: 9751 | N55: 40.5
A56: NSW | B56: 11601 | C56: Blacktown | D56: 10379 | E56: 29510 | F56: 35.170231 | H56: 10936 | I56: 30162 | J56: 36.257352 | L56: 11073 | M56: 32316 | N56: 34.3
A57: NSW | B57: 11602 | C57: Blacktown - North | D57: 6772 | E57: 18504 | F57: 36.598621 | H57: 7444 | I57: 19372 | J57: 38.428904 | L57: 7721 | M57: 21513 | N57: 35.9
A58: NSW | B58: 11603 | C58: Mount Druitt | D58: 7130 | E58: 23923 | F58: 29.802594 | H58: 7474 | I58: 24329 | J58: 30.720651 | L58: 7691 | M58: 26351 | N58: 29.2
A59: NSW | B59: 11701 | C59: Botany | D59: n.p. | E59: n.p. | F59: n.p. | H59: 3778 | I59: 10460 | J59: 36.120132 | L59: 3917 | M59: 11240 | N59: 34.9
A60: NSW | B60: 11702 | C60: Marrickville - Sydenham - Petersham | D60: 4406 | E60: 11643 | F60: 37.846292 | H60: 4727 | I60: 12217 | J60: 38.69158 | L60: 4817 | M60: 12851 | N60: 37.5
A61: NSW | B61: 11703 | C61: Sydney Inner City | D61: 12894 | E61: 36174 | F61: 35.644261 | H61: 15106 | I61: 42205 | J61: 35.791699 | L61: 15363 | M61: 45739 | N61: 33.6
A62: NSW | B62: 11801 | C62: Eastern Suburbs - North | D62: 9303 | E62: 27085 | F62: 34.347425 | H62: 10182 | I62: 29136 | J62: 34.946458 | L62: 10118 | M62: 30061 | N62: 33.7
A63: NSW | B63: 11802 | C63: Eastern Suburbs - South | D63: 10748 | E63: 28537 | F63: 37.661525 | H63: 11362 | I63: 29701 | J63: 38.253322 | L63: 11413 | M63: 30905 | N63: 36.9
A64: NSW | B64: 11901 | C64: Bankstown | D64: 14251 | E64: 39446 | F64: 36.127423 | H64: 15121 | I64: 40663 | J64: 37.185899 | L64: 15244 | M64: 43452 | N64: 35.1
A65: NSW | B65: 11902 | C65: Canterbury | D65: 9930 | E65: 29777 | F65: 33.348967 | H65: 10705 | I65: 31138 | J65: 34.379436 | L65: 10823 | M65: 33020 | N65: 32.8
A66: NSW | B66: 11903 | C66: Hurstville | D66: 12187 | E66: 31235 | F66: 39.017015 | H66: 12876 | I66: 31706 | J66: 40.61046 | L66: 12787 | M66: 33138 | N66: 38.6
A67: NSW | B67: 11904 | C67: Kogarah - Rockdale | D67: 11096 | E67: 30862 | F67: 35.955093 | H67: 11748 | I67: 31337 | J67: 37.48923 | L67: 11720 | M67: 33149 | N67: 35.4
A68: NSW | B68: 12001 | C68: Canada Bay | D68: 7893 | E68: 19299 | F68: 40.898492 | H68: 8276 | I68: 19593 | J68: 42.239575 | L68: 8120 | M68: 20232 | N68: 40.1
A69: NSW | B69: 12002 | C69: Leichhardt | D69: 5577 | E69: 13731 | F69: 40.612465 | H69: 6020 | I69: 14277 | J69: 42.165733 | L69: 6221 | M69: 14898 | N69: 41.8
A70: NSW | B70: 12003 | C70: Strathfield - Burwood - Ashfield | D70: 12092 | E70: 32592 | F70: 37.101156 | H70: 13219 | I70: 34114 | J70: 38.749497 | L70: 13211 | M70: 35804 | N70: 36.9
A71: NSW | B71: 12101 | C71: Chatswood - Lane Cove | D71: 10320 | E71: 24790 | F71: 41.628326 | H71: 11620 | I71: 27218 | J71: 42.692959 | L71: 11760 | M71: 28416 | N71: 41.4
... A81: NSW | B81: 12401 | C81: Blue Mountains | D81: 10061 | E81: 22606 | F81: 44.503571 | H81: 10338 | I81: 22403 | J81: 46.145602 | L81: 10408 | M81: 23451 | N81: 44.4
A82: NSW | B82: 12402 | C82: Blue Mountains - South | D82: n.p. | E82: n.p. | F82: n.p. | H82: n.p. | I82: n.p. | J82: n.p. | L82: n.p. | M82: n.p. | N82: n.p.
A83: NSW | B83: 12403 | C83: Penrith | D83: 11791 | E83: 30483 | F83: 38.679297 | H83: 12417 | I83: 31032 | J83: 40.013545 | L83: 12358 | M83: 32732 | N83: 37.8
A84: NSW | B84: 12404 | C84: Richmond - Windsor | D84: n.p. | E84: n.p. | F84: n.p. | H84: 3346 | I84: 8664 | J84: 38.615862 | L84: 3404 | M84: 9246 | N84: 36.8
A85: NSW | B85: 12405 | C85: St Marys | D85: 4207 | E85: 12013 | F85: 35.018466 | H85: 4683 | I85: 13068 | J85: 35.835235 | L85: 4684 | M85: 13797 | N85: 33.9
A86: NSW | B86: 12501 | C86: Auburn | D86: 5800 | E86: 16729 | F86: 34.672833 | H86: 6449 | I86: 18079 | J86: 35.671014 | L86: 6447 | M86: 19326 | N86: 33.4
A87: NSW | B87: 12502 | C87: Carlingford | D87: 6457 | E87: 16513 | F87: 39.102145 | H87: 6845 | I87: 17153 | J87: 39.905522 | L87: 6949 | M87: 18048 | N87: 38.5
A88: NSW | B88: 12503 | C88: Merrylands - Guildford | D88: 10478 | E88: 30844 | F88: 33.969519 | H88: 11899 | I88: 32936 | J88: 36.127978 | L88: 11872 | M88: 35064 | N88: 33.9
A89: NSW | B89: 12504 | C89: Parramatta | D89: n.p. | E89: n.p. | F89: n.p. | H89: 9987 | I89: 27292 | J89: 36.594567 | L89: 10053 | M89: 29050 | N89: 34.6
A90: NSW | B90: 12601 | C90: Pennant Hills - Epping | D90: 5408 | E90: 12362 | F90: 43.743766 | H90: 5897 | I90: 12868 | J90: 45.825794 | L90: 5866 | M90: 13320 | N90: 44
A91: NSW | B91: 12602 | C91: Ryde - Hunters Hill | D91: 12693 | E91: 30552 | F91: 41.543981 | H91: 13613 | I91: 31614 | J91: 43.060038 | L91: 13728 | M91: 33113 | N91: 41.5
A92: NSW | B92: 12701 | C92: Bringelly - Green Valley | D92: 8216 | E92: 23092 | F92: 35.579897 | H92: 9315 | I92: 24952 | J92: 37.331499 | L92: 9803 | M92: 27668 | N92: 35.4
A93: NSW | B93: 12702 | C93: Fairfield | D93: 19073 | E93: 49581 | F93: 38.467135 | H93: 21283 | I93: 52680 | J93: 40.400374 | L93: 21434 | M93: 55577 | N93: 38.6
A94: NSW | B94: 12703 | C94: Liverpool | D94: 8625 | E94: 25312 | F94: 34.076365 | H94: 9498 | I94: 26890 | J94: 35.321146 | L94: 9720 | M94: 29019 | N94: 33.5
A95: NSW | B95: 12801 | C95: Cronulla - Miranda - Caringbah | D95: 11755 | E95: 27812 | F95: 42.26668 | H95: 12367 | I95: 28017 | J95: 44.141209 | L95: 12444 | M95: 29076 | N95: 42.8
A96: NSW | B96: 12802 | C96: Sutherland - Menai - Heathcote | D96: 11757 | E96: 26918 | F96: 43.676339 | H96: 12151 | I96: 26469 | J96: 45.906377 | L96: 12060 | M96: 27242 | N96: 44.3
A97: Vic | B97: 20101 | C97: Ballarat | D97: 12602 | E97: 25046 | F97: 50.317223 | H97: 13435 | I97: 26325 | J97: 51.035192 | L97: 13397 | M97: 27935 | N97: 48
A98: Vic | B98: 20102 | C98: Creswick - Daylesford - Ballan | D98: 4157 | E98: 8673 | F98: 47.931125 | H98: 4306 | I98: 8847 | J98: 48.673452 | L98: 4304 | M98: 9472 | N98: 45.4
A99: Vic | B99: 20103 | C99: Maryborough - Pyrenees | D99: 3732 | E99: 7908 | F99: 47.196665 | H99: 3770 | I99: 7998 | J99: 47.133842 | L99: 3770 | M99: 8606 | N99: 43.8
A100: Vic | B100: 20201 | C100: Bendigo | D100: 11530 | E100: 22946 | F100: 50.2469 | H100: 12533 | I100: 24633 | J100: 50.879777 | L100: 12853 | M100: 26405 | N100: 48.7
A101: Vic | B101: 20202 | C101: Heathcote - Castlemaine - Kyneton | D101: 7237 | E101: 14224 | F101: 50.879572 | H101: 7230 | I101: 14203 | J101: 50.902595 | L101: 7410 | M101: 15337 | N101: 48.3
A102: Vic | B102: 20203 | C102: Loddon - Elmore | D102: n.p. | E102: n.p. | F102: n.p. | H102: 1451 | I102: 3206 | J102: 45.261965 | L102: 1485 | M102: 3440 | N102: 43.2
A103: Vic | B103: 20301 | C103: Barwon - West | D103: 2483 | E103: 4966 | F103: 50.000458 | H103: 2558 | I103: 5111 | J103: 50.044179 | L103: 2584 | M103: 5500 | N103: 47
A104: Vic | B104: 20302 | C104: Geelong | D104: 22096 | E104: 45579 | F104: 48.477496 | H104: 22853 | I104: 47086 | J104: 48.534457 | L104: 22789 | M104: 49887 | N104: 45.7
A105: Vic | B105: 20303 | C105: Surf Coast - Bellarine Peninsula | D105: 11835 | E105: 21544 | F105: 54.933558 | H105: 12402 | I105: 21905 | J105: 56.618494 | L105: 12706 | M105: 23701 | N105: 53.6
A106: Vic | B106: 20401 | C106: Upper Goulburn Valley | D106: 7267 | E106: 15145 | F106: 47.980384 | H106: 7989 | I106: 16288 | J106: 49.048331 | L106: 7957 | M106: 17466 | N106: 45.6
A107: Vic | B107: 20402 | C107: Wangaratta - Benalla | D107: 6786 | E107: 12987 | F107: 52.248707 | H107: 7061 | I107: 13548 | J107: 52.118263 | L107: 7034 | M107: 14260 | N107: 49.3
A108: Vic | B108: 20403 | C108: Wodonga - Alpine | D108: 9349 | E108: 18615 | F108: 50.221565 | H108: 10008 | I108: 19601 | J108: 51.058583 | L108: 9982 | M108: 20810 | N108: 48
A109: Vic | B109: 20501 | C109: Baw Baw | D109: 6817 | E109: 13490 | F109: 50.534346 | H109: 6797 | I109: 13439 | J109: 50.575336 | L109: 6656 | M109: 14147 | N109: 47
A110: Vic | B110: 20502 | C110: Gippsland - East | D110: 8169 | E110: 15113 | F110: 54.054558 | H110: 8198 | I110: 15199 | J110: 53.937861 | L110: 8224 | M110: 16246 | N110: 50.6
A111: Vic | B111: 20503 | C111: Gippsland - South West | D111: 10422 | E111: 19807 | F111: 52.618702 | H111: 10628 | I111: 20031 | J111: 53.057917 | L111: 10637 | M111: 21514 | N111: 49.4
A112: Vic | B112: 20504 | C112: Latrobe Valley | D112: 9316 | E112: 19472 | F112: 47.844006 | H112: 9587 | I112: 20097 | J112: 47.704409 | L112: 9515 | M112: 21403 | N112: 44.5
A113: Vic | B113: 20505 | C113: Wellington | D113: 5439 | E113: 11255 | F113: 48.32776 | H113: 6017 | I113: 12479 | J113: 48.21676 | L113: 6034 | M113: 13428 | N113: 44.9
A114: Vic | B114: 20601 | C114: Brunswick - Coburg | D114: 6896 | E114: 16187 | F114: 42.601721 | H114: 7697 | I114: 17412 | J114: 44.205146 | L114: 7956 | M114: 18530 | N114: 42.9
... A165: Qld | B165: 30103 | C165: Wynnum - Manly | D165: 7167 | E165: 17070 | F165: 41.985665 | H165: 6978 | I165: 16671 | J165: 41.857117 | L165: 6653 | M165: 17383 | N165: 38.3
A166: Qld | B166: 30201 | C166: Bald Hills - Everton Park | D166: n.p. | E166: n.p. | F166: n.p. | H166: 4193 | I166: 8962 | J166: 46.779505 | L166: 3897 | M166: 9072 | N166: 43
A167: Qld | B167: 30202 | C167: Chermside | D167: n.p. | E167: n.p. | F167: n.p. | H167: 6122 | I167: 14721 | J167: 41.588086 | L167: 5849 | M167: 15253 | N167: 38.3
A168: Qld | B168: 30203 | C168: Nundah | D168: n.p. | E168: n.p. | F168: n.p. | H168: 3498 | I168: 8745 | J168: 40.004905 | L168: 3357 | M168: 9171 | N168: 36.6
A169: Qld | B169: 30204 | C169: Sandgate | D169: 6146 | E169: 14165 | F169: 43.390951 | H169: 5767 | I169: 13472 | J169: 42.809019 | L169: 5538 | M169: 14077 | N169: 39.3
A170: Qld | B170: 30301 | C170: Carindale | D170: 5042 | E170: 11679 | F170: 43.169668 | H170: 4696 | I170: 10772 | J170: 43.593639 | L170: 4414 | M170: 10994 | N170: 40.1
A171: Qld | B171: 30302 | C171: Holland Park - Yeronga | D171: 5918 | E171: 14638 | F171: 40.429082 | H171: 5802 | I171: 14405 | J171: 40.276528 | L171: 5522 | M171: 14852 | N171: 37.2
A172: Qld | B172: 30303 | C172: Mt Gravatt | D172: 6526 | E172: 15761 | F172: 41.407333 | H172: 6796 | I172: 16323 | J172: 41.635057 | L172: 6433 | M172: 16962 | N172: 37.9
A173: Qld | B173: 30304 | C173: Nathan | D173: n.p. | E173: n.p. | F173: n.p. | H173: 3123 | I173: 7657 | J173: 40.790299 | L173: 2937 | M173: 7864 | N173: 37.3
A174: Qld | B174: 30305 | C174: Rocklea - Acacia Ridge | D174: 4968 | E174: 12748 | F174: 38.972273 | H174: 4850 | I174: 12440 | J174: 38.986843 | L174: 4677 | M174: 13053 | N174: 35.8
A175: Qld | B175: 30306 | C175: Sunnybank | D175: n.p. | E175: n.p. | F175: n.p. | H175: 3954 | I175: 9695 | J175: 40.782149 | L175: 3808 | M175: 10180 | N175: 37.4
A176: Qld | B176: 30401 | C176: Centenary | D176: 3920 | E176: 8725 | F176: 44.927147 | H176: 3436 | I176: 7555 | J176: 45.479828 | L176: 3212 | M176: 7649 | N176: 42
A177: Qld | B177: 30402 | C177: Kenmore - Brookfield - Moggill | D177: 5386 | E177: 11923 | F177: 45.177992 | H177: 5048 | I177: 11144 | J177: 45.297823 | L177: 4858 | M177: 11305 | N177: 43
A178: Qld | B178: 30403 | C178: Sherwood - Indooroopilly | D178: 4210 | E178: 9653 | F178: 43.60948 | H178: 4152 | I178: 9509 | J178: 43.658793 | L178: 4028 | M178: 9873 | N178: 40.8
A179: Qld | B179: 30404 | C179: The Gap - Enoggera | D179: n.p. | E179: n.p. | F179: n.p. | H179: 5344 | I179: 11785 | J179: 45.348715 | L179: 5037 | M179: 12031 | N179: 41.9
A180: Qld | B180: 30501 | C180: Brisbane Inner | D180: 5133 | E180: 13254 | F180: 38.728194 | H180: 4996 | I180: 13755 | J180: 36.320512 | L180: 4925 | M180: 14644 | N180: 33.6
A181: Qld | B181: 30502 | C181: Brisbane Inner - East | D181: 3454 | E181: 8615 | F181: 40.088491 | H181: 3515 | I181: 8607 | J181: 40.840416 | L181: 3402 | M181: 8922 | N181: 38.1
...

Sheet NBCSP, SA3 2011
A1: Click to return to TOC
A2: Table 5b: Participation in the National Bowel Cancer Screening Program, by Statistical Area Level 3 (ASGS 2011), people aged 50–74, 2014–2015 to 2017–2018
D3: 2014–2015 | H3: 2015–2016 | L3: 2016–2017 | P3: 2017–2018
A4: State/territory | B4: SA3 code | C4: SA3 name | D4: Participated | E4: Invited | F4: Participation (%) | H4: Participated | I4: Invited | J4: Participation (%) | L4: Participated | M4: Invited | N4: Participation (%) | P4: Participated | Q4: Invited | R4: Participation (%)
A5: NSW | B5: 10101 | C5: Goulburn - Yass | D5: 3454 | E5: 8968 | F5: 38.5 | H5: 4547 | I5: 11087 | J5: 41 | L5: 5905 | M5: 14469 | N5: 40.8 | P5: 7149 | Q5: 17351 | R5: 41.2
A6: NSW | B6: 10102 | C6: Queanbeyan | D6: 2512 | E6: 6451 | F6: 38.9 | H6: 2989 | I6: 7543 | J6: 39.6 | L6: 3972 | M6: 9948 | N6: 39.9 | P6: 5104 | Q6: 12205 | R6: 41.8
A7: NSW | B7: 10103 | C7: Snowy Mountains | D7: 989 | E7: 2469 | F7: 40.1 | H7: 1297 | I7: 2999 | J7: 43.3 | L7: 1650 | M7: 3951 | N7: 41.8 | P7: 2062 | Q7: 4879 | R7: 42.3
A8: NSW | B8: 10104 | C8: South Coast | D8: 4887 | E8: 11062 | F8: 44.2 | H8: 6529 | I8: 14099 | J8: 46.3 | L8: 8576 | M8: 18320 | N8: 46.8 | P8: 10843 | Q8: 22597 | R8: 48
A9: NSW | B9: 10201 | C9: Gosford | D9: 7926 | E9: 21628 | F9: 36.6 | H9: 10549 | I9: 27009 | J9: 39.1 | L9: 13531 | M9: 34527 | N9: 39.2 | P9: 17061 | Q9: 41600 | R9: 41
A10: NSW | B10: 10202 | C10: Wyong | D10: 6758 | E10: 18723 | F10: 36.1 | H10: 8900 | I10: 23448 | J10: 38 | L10: 11432 | M10: 30464 | N10: 37.5 | P10: 14334 | Q10: 36708 | R10: 39
A11: NSW | B11: 10301 | C11: Bathurst | D11: 2048 | E11: 5299 | F11: 38.7 | H11: 2632 | I11: 6420 | J11: 41 | L11: 3366 | M11: 8250 | N11: 40.8 | P11: 4245 | Q11: 10160 | R11: 41.8
A12: NSW | B12: 10302 | C12: Lachlan Valley | D12: 2415 | E12: 6656 | F12: 36.3 | H12: 3301 | I12: 8373 | J12: 39.4 | L12: 4339 | M12: 11285 | N12: 38.4 | P12: 5221 | Q12: 13592 | R12: 38.4
A13: NSW | B13: 10303 | C13: Lithgow - Mudgee | D13: 2169 | E13: 5961 | F13: 36.4 | H13: 2944 | I13: 7426 | J13: 39.6 | L13: 3799 | M13: 9542 | N13: 39.8 | P13: 4507 | Q13: 11318 | R13: 39.8
A14: NSW | B14: 10304 | C14: Orange | D14: 2505 | E14: 6513 | F14: 38.5 | H14: 3234 | I14: 7868 | J14: 41.1 | L14: 4116 | M14: 10333 | N14: 39.8 | P14: 5095 | Q14: 12540 | R14: 40.6
A15: NSW | B15: 10401 | C15: Clarence Valley | D15: 2998 | E15: 7406 | F15: 40.5 | H15: 4040 | I15: 9377 | J15: 43.1 | L15: 4921 | M15: 11729 | N15: 42 | P15: 6018 | Q15: 14132 | R15: 42.6
A16: NSW | B16: 10402 | C16: Coffs Harbour | D16: 4922 | E16: 12285 | F16: 40.1 | H16: 6200 | I16: 14594 | J16: 42.5 | L16: 8026 | M16: 18665 | N16: 43 | P16: 9997 | Q16: 23023 | R16: 43.4
... A24: NSW | B24: 10701 | C24: Dapto - Port Kembla | D24: 3061 | E24: 8863 | F24: 34.5 | H24: 3979 | I24: 10792 | J24: 36.9 | L24: 5237 | M24: 14075 | N24: 37.2 | P24: 6413 | Q24: 16994 | R24: 37.7
A25: NSW | B25: 10702 | C25: Illawarra Catchment Reserve | D25: n.p. | E25: n.p. | F25: n.p. | H25: n.p. | I25: n.p. | J25: n.p. | L25: n.p. | M25: n.p. | N25: n.p. | P25: n.p. | Q25: n.p. | R25: n.p.
A26: NSW | B26: 10703 | C26: Kiama - Shellharbour | D26: 4299 | E26: 10997 | F26: 39.1 | H26: 5542 | I26: 13273 | J26: 41.8 | L26: 7167 | M26: 17173 | N26: 41.7 | P26: 9065 | Q26: 21147 | R26: 42.9
A27: NSW | B27: 10704 | C27: Wollongong | D27: 5557 | E27: 14367 | F27: 38.7 | H27: 6941 | I27: 17219 | J27: 40.3 | L27: 8826 | M27: 22087 | N27: 40 | P27: 11308 | Q27: 27030 | R27: 41.8
A28: NSW | B28: 10801 | C28: Great Lakes | D28: 1953 | E28: 4437 | F28: 44 | H28: 2789 | I28: 5931 | J28: 47 | L28: 3662 | M28: 7960 | N28: 46 | P28: 4547 | Q28: 9614 | R28: 47.3
A29: NSW | B29: 10802 | C29: Kempsey - Nambucca | D29: 2720 | E29: 7064 | F29: 38.5 | H29: 3516 | I29: 8630 | J29: 40.7 | L29: 4606 | M29: 11362 | N29: 40.5 | P29: 5837 | Q29: 14048 | R29: 41.6
A30: NSW | B30: 10803 | C30: Lord Howe Island | D30: n.p. | E30: n.p. | F30: n.p. | H30: n.p. | I30: n.p. | J30: n.p. | L30: n.p. | M30: n.p. | N30: n.p. | P30: n.p. | Q30: n.p. | R30: n.p.
A31: NSW | B31: 10804 | C31: Port Macquarie | D31: 4296 | E31: 10247 | F31: 41.9 | H31: 5841 | I31: 13145 | J31: 44.4 | L31: 7560 | M31: 17339 | N31: 43.6 | P31: 9235 | Q31: 21126 | R31: 43.7
A32: NSW | B32: 10805 | C32: Taree - Gloucester | D32: 3197 | E32: 7712 | F32: 41.5 | H32: 4514 | I32: 9837 | J32: 45.9 | L32: 5905 | M32: 12907 | N32: 45.7 | P32: 7330 | Q32: 15870 | R32: 46.2
A33: NSW | B33: 10901 | C33: Albury | D33: 2848 | E33: 6864 | F33: 41.5 | H33: 3777 | I33: 8729 | J33: 43.3 | L33: 5171 | M33: 11806 | N33: 43.8 | P33: 6478 | Q33: 14060 | R33: 46.1
A34: NSW | B34: 10902 | C34: Lower Murray | D34: 520 | E34: 1417 | F34: 36.7 | H34: 748 | I34: 1911 | J34: 39.1 | L34: 997 | M34: 2463 | N34: 40.5 | P34: 1170 | Q34: 2873 | R34: 40.7
A35: NSW | B35: 10903 | C35: Upper Murray exc. Albury | D35: 2322 | E35: 5397 | F35: 43 | H35: 3112 | I35: 6944 | J35: 44.8 | L35: 4157 | M35: 9186 | N35: 45.3 | P35: 5229 | Q35: 11071 | R35: 47.2
A36: NSW | B36: 11001 | C36: Armidale | D36: 1911 | E36: 4569 | F36: 41.8 | H36: 2435 | I36: 5456 | J36: 44.6 | L36: 2990 | M36: 6960 | N36: 43 | P36: 3746 | Q36: 8502 | R36: 44.1
A37: NSW | B37: 11002 | C37: Inverell - Tenterfield | D37: 1858 | E37: 4940 | F37: 37.6 | H37: 2434 | I37: 6276 | J37: 38.8 | L37: 3235 | M37: 8315 | N37: 38.9 | P37: 3930 | Q37: 10008 | R37: 39.3
A38: NSW | B38: 11003 | C38: Moree - Narrabri | D38: 918 | E38: 2845 | F38: 32.3 | H38: 1167 | I38: 3603 | J38: 32.4 | L38: 1519 | M38: 4819 | N38: 31.5 | P38: 1821 | Q38: 5674 | R38: 32.1
A39: NSW | B39: 11004 | C39: Tamworth - Gunnedah | D39: 3595 | E39: 9283 | F39: 38.7 | H39: 4786 | I39: 11733 | J39: 40.8 | L39: 6130 | M39: 15603 | N39: 39.3 | P39: 7299 | Q39: 18466 | R39: 39.5
A40: NSW | B40: 11101 | C40: Lake Macquarie - East | D40: 6172 | E40: 15124 | F40: 40.8 | H40: 8197 | I40: 18238 | J40: 44.9 | L40: 10449 | M40: 23797 | N40: 43.9 | P40: 13124 | Q40: 29178 | R40: 45
A41: NSW | B41: 11102 | C41: Lake Macquarie - West | D41: 3807 | E41: 9384 | F41: 40.6 | H41: 5044 | I41: 11477 | J41: 43.9 | L41: 6551 | M41: 15151 | N41: 43.2 | P41: 8157 | Q41: 18726 | R41: 43.6
A42: NSW | B42: 11103 | C42: Newcastle | D42: 6983 | E42: 18192 | F42: 38.4 | H42: 9000 | I42: 21806 | J42: 41.3 | L42: 11614 | M42: 28251 | N42: 41.1 | P42: 14705 | Q42: 34491 | R42: 42.6
... A80: NSW | B80: 12401 | C80: Blue Mountains | D80: 4232 | E80: 10897 | F80: 38.8 | H80: 5380 | I80: 12848 | J80: 41.9 | L80: 6894 | M80: 16652 | N80: 41.4 | P80: 8646 | Q80: 20175 | R80: 42.9
A81: NSW | B81: 12402 | C81: Blue Mountains - South | D81: n.p. | E81: n.p. | F81: n.p. | H81: n.p. | I81: n.p. | J81: n.p. | L81: n.p. | M81: n.p. | N81: n.p. | P81: n.p. | Q81: n.p. | R81: n.p.
A82: NSW | B82: 12403 | C82: Penrith | D82: 4719 | E82: 14449 | F82: 32.7 | H82: 5929 | I82: 16959 | J82: 35 | L82: 7752 | M82: 21703 | N82: 35.7 | P82: 9847 | Q82: 26695 | R82: 36.9
A83: NSW | B83: 12404 | C83: Richmond - Windsor | D83: 1216 | E83: 3919 | F83: 31 | H83: 1505 | I83: 4513 | J83: 33.3 | L83: 2029 | M83: 6006 | N83: 33.8 | P83: 2628 | Q83: 7399 | R83: 35.5
A84: NSW | B84: 12405 | C84: St Marys | D84: 1815 | E84: 6199 | F84: 29.3 | H84: 2192 | I84: 7127 | J84: 30.8 | L84: 2879 | M84: 9204 | N84: 31.3 | P84: 3712 | Q84: 11207 | R84: 33.1
A85: NSW | B85: 12501 | C85: Auburn | D85: 2592 | E85: 8121 | F85: 31.9 | H85: 2974 | I85: 9123 | J85: 32.6 | L85: 3952 | M85: 11989 | N85: 33 | P85: 5154 | Q85: 15229 | R85: 33.8
A86: NSW | B86: 12502 | C86: Carlingford | D86: 2809 | E86: 7787 | F86: 36.1 | H86: 3465 | I86: 9333 | J86: 37.1 | L86: 4481 | M86: 12010 | N86: 37.3 | P86: 5740 | Q86: 14832 | R86: 38.7
A87: NSW | B87: 12503 | C87: Merrylands - Guildford | D87: 4876 | E87: 15707 | F87: 31 | H87: 6124 | I87: 18601 | J87: 32.9 | L87: 7956 | M87: 23724 | N87: 33.5 | P87: 9969 | Q87: 29343 | R87: 34
A88: NSW | B88: 12504 | C88: Parramatta | D88: 4103 | E88: 12140 | F88: 33.8 | H88: 5182 | I88: 15060 | J88: 34.4 | L88: 6407 | M88: 18055 | N88: 35.5 | P88: 8314 | Q88: 23411 | R88: 35.5
A89: NSW | B89: 12601 | C89: Pennant Hills - Epping | D89: 2399 | E89: 6015 | F89: 39.9 | H89: 2869 | I89: 6981 | J89: 41.1 | L89: 3618 | M89: 8899 | N89: 40.7 | P89: 4657 | Q89: 10973 | R89: 42.4
A90: NSW | B90: 12602 | C90: Ryde - Hunters Hill | D90: 5370 | E90: 14651 | F90: 36.7 | H90: 6755 | I90: 17390 | J90: 38.8 | L90: 8663 | M90: 22319 | N90: 38.8 | P90: 10988 | Q90: 27655 | R90: 39.7
A91: NSW | B91: 12701 | C91: Bringelly - Green Valley | D91: 2942 | E91: 9980 | F91: 29.5 | H91: 3708 | I91: 11738 | J91: 31.6 | L91: 4965 | M91: 15516 | N91: 32 | P91: 6689 | Q91: 19821 | R91: 33.7
A92: NSW | B92: 12702 | C92: Fairfield | D92: 8071 | E92: 23435 | F92: 34.4 | H92: 9906 | I92: 27385 | J92: 36.2 | L92: 13007 | M92: 35444 | N92: 36.7 | P92: 16634 | Q92: 44338 | R92: 37.5
A93: NSW | B93: 12703 | C93: Liverpool | D93: 3394 | E93: 11310 | F93: 30 | H93: 4135 | I93: 13355 | J93: 31 | L93: 5476 | M93: 17313 | N93: 31.6 | P93: 7092 | Q93: 21862 | R93: 32.4
... A317: ACT | B317: 80101 | C317: Belconnen | D317: 4168 | E317: 9940 | F317: 41.9 | H317: 5231 | I317: 11995 | J317: 43.6 | L317: 6529 | M317: 14911 | N317: 43.8 | P317: 8261 | Q317: 18319 | R317: 45.1
A318: ACT | B318: 80102 | C318: Cotter - Namadgi | D318: n.p. | E318: n.p. | F318: n.p. | H318: n.p. | I318: n.p. | J318: n.p. | L318: n.p. | M318: n.p. | N318: n.p. | P318: n.p. | Q318: n.p. | R318: n.p.
A319: ACT | B319: 80103 | C319: Fyshwick - Pialligo - Hume | D319: n.p. | E319: n.p. | F319: n.p. | H319: n.p. | I319: n.p. | J319: n.p. | L319: n.p. | M319: n.p. | N319: n.p. | P319: n.p. | Q319: n.p. | R319: n.p.
A320: ACT | B320: 80104 | C320: Gungahlin | D320: 1850 | E320: 4656 | F320: 39.7 | H320: 2333 | I320: 5623 | J320: 41.5 | L320: 3105 | M320: 7488 | N320: 41.5 | P320: 4097 | Q320: 9621 | R320: 42.6
A321: ACT | B321: 80105 | C321: North Canberra | D321: 2276 | E321: 5515 | F321: 41.3 | H321: 2887 | I321: 6721 | J321: 43 | L321: 3658 | M321: 8575 | N321: 42.7 | P321: 4692 | Q321: 10514 | R321: 44.6
A322: ACT | B322: 80106 | C322: South Canberra | D322: 1383 | E322: 3233 | F322: 42.8 | H322: 1636 | I322: 3777 | J322: 43.3 | L322: 2118 | M322: 4878 | N322: 43.4 | P322: 2796 | Q322: 6128 | R322: 45.6
A323: ACT | B323: 80107 | C323: Tuggeranong | D323: 4406 | E323: 10763 | F323: 40.9 | H323: 5309 | I323: 12489 | J323: 42.5 | L323: 6567 | M323: 15495 | N323: 42.4 | P323: 8506 | Q323: 19454 | R323: 43.7
A324: ACT | B324: 80108 | C324: Weston Creek | D324: 1224 | E324: 2670 | F324: 45.8 | H324: 1624 | I324: 3338 | J324: 48.7 | L324: 2068 | M324: 4271 | N324: 48.4 | P324: 2576 | Q324: 5313 | R324: 48.5
A325: ACT | B325: 80109 | C325: Woden | D325: 1632 | E325: 3639 | F325: 44.8 | H325: 2130 | I325: 4570 | J325: 46.6 | L325: 2741 | M325: 5864 | N325: 46.7 | P325: 3094 | Q325: 6455 | R325: 47.9
A326: NT | B326: 70101 | C326: Darwin City | D326: 1111 | E326: 3632 | F326: 30.6 | H326: 1256 | I326: 3947 | J326: 31.8 | L326: 796 | M326: 2662 | N326: 29.9 | P326: 2357 | Q326: 7547 | R326: 31.2
A327: NT | B327: 70102 | C327: Darwin Suburbs | D327: 1899 | E327: 5902 | F327: 32.2 | H327: 2265 | I327: 7019 | J327: 32.3 | L327: 1978 | M327: 6420 | N327: 30.8 | P327: 3703 | Q327: 11075 | R327: 33.4
A328: NT | B328: 70103 | C328: Litchfield | D328: 588 | E328: 1821 | F328: 32.3 | H328: 698 | I328: 2133 | J328: 32.7 | L328: 619 | M328: 2027 | N328: 30.5 | P328: 1427 | Q328: 4182 | R328: 34.1
A329: NT | B329: 70104 | C329: Palmerston | D329: 789 | E329: 2684 | F329: 29.4 | H329: 833 | I329: 2965 | J329: 28.1 | L329: 631 | M329: 2451 | N329: 25.7 | P329: 1606 | Q329: 5511 | R329: 29.1
A330: NT | B330: 70201 | C330: Alice Springs | D330: 609 | E330: 2424 | F330: 25.1 | H330: 995 | I330: 3882 | J330: 25.6 | L330: 568 | M330: 2722 | N330: 20.9 | P330: 843 | Q330: 3942 | R330: 21.4
A331: NT | B331: 70202 | C331: Barkly | D331: 75 | E331: 436 | F331: 17.2 | H331: 75 | I331: 462 | J331: 16.3 | L331: 24 | M331: 215 | N331: 11 | P331: 142 | Q331: 910 | R331: 15.6
... A334: NT | B334: 70205 | C334: Katherine | D334: 296 | E334: 1385 | F334: 21.4 | H334: 295 | I334: 1491 | J334: 19.8 | L334: 139 | M334: 986 | N334: 14.1 | P334: 623 | Q334: 2873 | R334: 21.7
A335: Other | B335: 90101 | C335: Christmas Island | D335: n.p. | E335: n.p. | F335: n.p. | H335: n.p. | I335: n.p. | J335: n.p. | L335: n.p. | M335: n.p. | N335: n.p. | P335: n.p. | Q335: n.p. | R335: n.p.
A336: Other | B336: 90102 | C336: Cocos (Keeling) Islands | D336: n.p. | E336: n.p. | F336: n.p. | H336: n.p. | I336: n.p. | J336: n.p. | L336: n.p. | M336: n.p. | N336: n.p. | P336: n.p. | Q336: n.p. | R336: n.p.
A337: Other | B337: 90103 | C337: Jervis Bay | D337: n.p. | E337: n.p. | F337: n.p. | H337: n.p. | I337: n.p. | J337: n.p. | L337: n.p. | M337: n.p. | N337: n.p. | P337: n.p. | Q337: n.p. | R337: n.p.
A338: Unknown | C338: Unknown | D338: 2126 | E338: 6566 | F338: 32.4 | H338: 57 | I338: 224 | J338: 25.4 | L338: 11409 | M338: 31546 | N338: 36.2 | P338: 4171 | Q338: 12056 | R338: 34.6
A339: Australia | C339: Australia | D339: 1014327 | E339: 2608599 | F339: 38.9 | H339: 1298942 | I339: 3174835 | J339: 40.9 | L339: 1693430 | M339: 4100498 | N339: 41.3 | P339: 2149569 | Q339: 5074538 | R339: 42.4
A340: n.p. not published because of small numbers, confidentiality, or other concerns about the quality of the data.
A342: Notes
A343: 1. Prior to the 2019-2020 period, SA3s were assigned to a NBCSP invitee using an SA1 to SA3 correspondence. Those invitees without reliable SA1 details were mapped with a postcode to SA3 correspondence instead, some of which cross SA3 boundaries and may lead to some minor inaccuracies in results.
A344: 2. Some invitee postcodes cannot be attributed to an SA3. These invitees were included in an 'Unknown' group where applicable. The proportion of records assigned to the ‘Unknown’ group for the 2017–2018 period is much lower than for the 2016–2017 period so differences in participation between the 2016–2017 and 2017–2018 periods should be interpreted with caution.
A345: 3. SA3 refers to SA3 of residence.
A346: 4. SA3s with a numerator less than 20, a denominator less than 100.
A347: 5. An increased number of invitees and participants have been assigned to some SA3s in the 2017–2018 period compared with the 2016–2017 period, especially in the NT.
A348: 6. SA1s and SA3s are part of the ABS ASGS.
A349: 7. Biennial screening was fully rolled out in 2020 to people aged 50–74. For earlier periods, the specific ages invited within the 50–74 age range included 55 and 65 in 2007; 50, 55 and 65 in 2008 to 2013; 50, 55, 60 and 65 in 2014; 50, 55, 60, 65, 70 and 74 in 2015; 50, 55, 60, 64, 65, 70, 72 and 74 in 2016; 50, 54, 55, 58, 60, 64, 68, 70, 72 and 74 in 2017; and 50, 54, 58, 60, 62, 64, 66, 68, 70, 72 and 74 in 2018 and 50, 52, 54, 56, 58, 60, 62, 64, 66, 68, 70, 72 and 74 in 2019.
A350: 8. These results calculate participation rates using the new NBCSP performance indicator specifications. This indicator now measures a 2-year invitation period and also excludes those who opted off or suspended participation. For further information see the NBCSP performance indicator documentation (https://www.aihw.gov.au/reports-data/health-welfare-services/cancer-screening/indicators).
A351: 9. NBCSP participation rates per area are not related to bowel cancer incidence rates.
A352: 10. Each 2-year period covers from 1 January in the first year to 31 December in the following year. For example, 2017–2018 covers 1 January 2017 to 31 December 2018 inclusive.
... A355: Source: AIHW analysis of National Bowel Cancer Screening Program (Department of Human Services) register data.

Sheet NBCSP, SA2 2016 
A1: Click to return to TOC
A2: Table 6a: Participation in the National Bowel Cancer Screening Program by Statistical Area Level 2 (ASGS 2016), people aged 50–74, 2019-2020 to 2020–2021
E3: 2019–2020 | I3: 2020–2021
A4: State/territory | B4: SA2 Code | C4: SA2 Name | D4: Age group | E4: Participated | F4: Invited | G4: Particpation (%) | I4: Participated | J4: Invited | K4: Particpation (%)
A5: NSW | B5: 101021007 | C5: Braidwood | D5: 50–74 | E5: 576 | F5: 1305 | G5: 44.139109 | I5: 598 | J5: 1450 | K5: 41.233932
A6: NSW | B6: 101021008 | C6: Karabar | D6: 50–74 | E6: 726 | F6: 1958 | G6: 37.088706 | I6: 712 | J6: 2059 | K6: 34.54982
A7: NSW | B7: 101021009 | C7: Queanbeyan | D7: 50–74 | E7: 822 | F7: 2215 | G7: 37.121564 | I7: 835 | J7: 2430 | K7: 34.364109
A8: NSW | B8: 101021010 | C8: Queanbeyan - East | D8: 50–74 | E8: 374 | F8: 966 | G8: 38.681967 | I8: 384 | J8: 1050 | K8: 36.596497
A9: NSW | B9: 101021011 | C9: Queanbeyan Region | D9: 50–74 | E9: 2589 | F9: 5446 | G9: 47.533029 | I9: 2554 | J9: 5751 | K9: 44.408143
A10: NSW | B10: 101021012 | C10: Queanbeyan West - Jerrabomberra | D10: 50–74 | E10: 1314 | F10: 2931 | G10: 44.834226 | I10: 1334 | J10: 3110 | K10: 42.90586
A11: NSW | B11: 101031013 | C11: Bombala | D11: 50–74 | E11: 367 | F11: 748 | G11: 49.048058 | I11: 354 | J11: 794 | K11: 44.570855
A12: NSW | B12: 101031014 | C12: Cooma | D12: 50–74 | E12: 933 | F12: 2094 | G12: 44.548974 | I12: 928 | J12: 2210 | K12: 41.99951
A13: NSW | B13: 101031015 | C13: Cooma Region | D13: 50–74 | E13: 366 | F13: 848 | G13: 43.142791 | I13: 348 | J13: 937 | K13: 37.134575
A14: NSW | B14: 101031016 | C14: Jindabyne - Berridale | D14: 50–74 | E14: 811 | F14: 1801 | G14: 45.030228 | I14: 818 | J14: 1961 | K14: 41.713231
A15: NSW | B15: 101041017 | C15: Batemans Bay | D15: 50–74 | E15: 1454 | F15: 3104 | G15: 46.836189 | I15: 1435 | J15: 3290 | K15: 43.618691
A16: NSW | B16: 101041018 | C16: Batemans Bay - South | D16: 50–74 | E16: 1129 | F16: 2364 | G16: 47.748554 | I16: 1142 | J16: 2554 | K16: 44.715241
... A19: NSW | B19: 101041021 | C19: Broulee - Tomakin | D19: 50–74 | E19: 893 | F19: 1744 | G19: 51.224908 | I19: 901 | J19: 1816 | K19: 49.637589
A20: NSW | B20: 101041022 | C20: Deua - Wadbilliga | D20: 50–74 | E20: n.p. | F20: n.p. | G20: n.p. | I20: n.p. | J20: n.p. | K20: n.p.
A21: NSW | B21: 101041023 | C21: Eden | D21: 50–74 | E21: 606 | F21: 1231 | G21: 49.22827 | I21: 581 | J21: 1281 | K21: 45.355191
A22: NSW | B22: 101041024 | C22: Eurobodalla Hinterland | D22: 50–74 | E22: 495 | F22: 1039 | G22: 47.635506 | I22: 486 | J22: 1110 | K22: 43.824601
A23: NSW | B23: 101041025 | C23: Merimbula - Tura Beach | D23: 50–74 | E23: 2099 | F23: 3873 | G23: 54.195811 | I23: 2091 | J23: 4069 | K23: 51.39125
A24: NSW | B24: 101041026 | C24: Moruya - Tuross Head | D24: 50–74 | E24: 1159 | F24: 2404 | G24: 48.197326 | I24: 1176 | J24: 2621 | K24: 44.887266
A25: NSW | B25: 101041027 | C25: Narooma - Bermagui | D25: 50–74 | E25: 1814 | F25: 3552 | G25: 51.070053 | I25: 1808 | J25: 3704 | K25: 48.812309
A26: NSW | B26: 101051539 | C26: Goulburn | D26: 50–74 | E26: 2675 | F26: 6225 | G26: 42.970472 | I26: 2684 | J26: 6631 | K26: 40.480701
A27: NSW | B27: 101051540 | C27: Goulburn Region | D27: 50–74 | E27: 1682 | F27: 3859 | G27: 43.586218 | I27: 1705 | J27: 4141 | K27: 41.158814
A28: NSW | B28: 101061541 | C28: Yass | D28: 50–74 | E28: 811 | F28: 1825 | G28: 44.412519 | I28: 793 | J28: 1948 | K28: 40.710279
A29: NSW | B29: 101061542 | C29: Yass Region | D29: 50–74 | E29: 1270 | F29: 2767 | G29: 45.90435 | I29: 1270 | J29: 2953 | K29: 43.004157
A30: NSW | B30: 101061543 | C30: Young | D30: 50–74 | E30: 1141 | F30: 2690 | G30: 42.41882 | I30: 1101 | J30: 2846 | K30: 38.686411
A31: NSW | B31: 101061544 | C31: Young Region | D31: 50–74 | E31: 848 | F31: 2046 | G31: 41.445784 | I31: 836 | J31: 2182 | K31: 38.311307
A32: NSW | B32: 102011028 | C32: Avoca Beach - Copacabana | D32: 50–74 | E32: 840 | F32: 1813 | G32: 46.334739 | I32: 839 | J32: 1926 | K32: 43.565664
... A78: NSW | B78: 103031074 | C78: Mudgee Region - West | D78: 50–74 | E78: 1137 | F78: 2785 | G78: 40.827169 | I78: 1126 | J78: 2937 | K78: 38.346015
A79: NSW | B79: 103031075 | C79: Wollangambe - Wollemi | D79: 50–74 | E79: n.p. | F79: n.p. | G79: n.p. | I79: n.p. | J79: n.p. | K79: n.p.
A80: NSW | B80: 103041076 | C80: Blayney | D80: 50–74 | E80: 920 | F80: 2070 | G80: 44.438844 | I80: 874 | J80: 2180 | K80: 40.080501
A81: NSW | B81: 103041077 | C81: Orange | D81: 50–74 | E81: 2358 | F81: 5549 | G81: 42.490909 | I81: 2277 | J81: 5771 | K81: 39.452939
A82: NSW | B82: 103041078 | C82: Orange - North | D82: 50–74 | E82: 1694 | F82: 3875 | G82: 43.711178 | I82: 1745 | J82: 4261 | K82: 40.948746
A83: NSW | B83: 103041079 | C83: Orange Region | D83: 50–74 | E83: 1226 | F83: 2636 | G83: 46.512094 | I83: 1223 | J83: 2752 | K83: 44.439733
A84: NSW | B84: 104011080 | C84: Grafton | D84: 50–74 | E84: 2394 | F84: 5493 | G84: 43.589131 | I84: 2398 | J84: 5854 | K84: 40.96378
A85: NSW | B85: 104011081 | C85: Grafton Region | D85: 50–74 | E85: 1920 | F85: 4495 | G85: 42.703968 | I85: 1896 | J85: 4780 | K85: 39.673532
A86: NSW | B86: 104011082 | C86: Maclean - Yamba - Iluka | D86: 50–74 | E86: 2731 | F86: 5585 | G86: 48.900237 | I86: 2728 | J86: 5900 | K86: 46.237084
A87: NSW | B87: 104021083 | C87: Bellingen | D87: 50–74 | E87: 859 | F87: 1923 | G87: 44.669787 | I87: 848 | J87: 2052 | K87: 41.318837
A88: NSW | B88: 104021084 | C88: Coffs Harbour - North | D88: 50–74 | E88: 1860 | F88: 4097 | G88: 45.403627 | I88: 1883 | J88: 4382 | K88: 42.964151
A89: NSW | B89: 104021085 | C89: Coffs Harbour - South | D89: 50–74 | E89: 1966 | F89: 4556 | G89: 43.152483 | I89: 1880 | J89: 4664 | K89: 40.30903
A90: NSW | B90: 104021086 | C90: Coramba - Nana Glen - Bucca | D90: 50–74 | E90: 386 | F90: 908 | G90: 42.494735 | I90: 393 | J90: 978 | K90: 40.217826
A91: NSW | B91: 104021087 | C91: Dorrigo | D91: 50–74 | E91: 386 | F91: 945 | G91: 40.843992 | I91: 372 | J91: 986 | K91: 37.7274
... A135: NSW | B135: 107011132 | C135: Horsley - Kembla Grange | D135: 50–74 | E135: 951 | F135: 2098 | G135: 45.335705 | I135: 1014 | J135: 2316 | K135: 43.804855
A136: NSW | B136: 107011133 | C136: Port Kembla Industrial | D136: 50–74 | E136: n.p. | F136: n.p. | G136: n.p. | I136: n.p. | J136: n.p. | K136: n.p.
A137: NSW | B137: 107011134 | C137: Unanderra - Mount Kembla | D137: 50–74 | E137: 1766 | F137: 3888 | G137: 45.422001 | I137: 1717 | J137: 3965 | K137: 43.303277
A138: NSW | B138: 107011545 | C138: Berkeley - Lake Heights - Cringila | D138: 50–74 | E138: 1200 | F138: 3395 | G138: 35.340942 | I138: 1201 | J138: 3620 | K138: 33.163468
A139: NSW | B139: 107011546 | C139: Port Kembla - Warrawong | D139: 50–74 | E139: 845 | F139: 2530 | G139: 33.394176 | I139: 859 | J139: 2657 | K139: 32.346937
A140: NSW | B140: 107011547 | C140: Windang - Primbee | D140: 50–74 | E140: 622 | F140: 1360 | G140: 45.730822 | I140: 589 | J140: 1389 | K140: 42.406062
A141: NSW | B141: 107021135 | C141: Illawarra Catchment Reserve | D141: 50–74 | E141: n.p. | F141: n.p. | G141: n.p. | I141: n.p. | J141: n.p. | K141: n.p.
A142: NSW | B142: 107031136 | C142: Albion Park - Macquarie Pass | D142: 50–74 | E142: 1554 | F142: 3523 | G142: 44.110133 | I142: 1631 | J142: 3843 | K142: 42.4447
A143: NSW | B143: 107031137 | C143: Albion Park Rail | D143: 50–74 | E143: 690 | F143: 1711 | G143: 40.327294 | I143: 682 | J143: 1824 | K143: 37.381821
A144: NSW | B144: 107031138 | C144: Kiama | D144: 50–74 | E144: 1380 | F144: 2638 | G144: 52.312358 | I144: 1392 | J144: 2722 | K144: 51.157039
A145: NSW | B145: 107031139 | C145: Kiama Downs - Minnamurra | D145: 50–74 | E145: 796 | F145: 1597 | G145: 49.843456 | I145: 820 | J145: 1630 | K145: 50.329868
A146: NSW | B146: 107031140 | C146: Kiama Hinterland - Gerringong | D146: 50–74 | E146: 1066 | F146: 2042 | G146: 52.203722 | I146: 1047 | J146: 2069 | K146: 50.635014
A147: NSW | B147: 107031141 | C147: Shellharbour - Flinders | D147: 50–74 | E147: 2075 | F147: 4314 | G147: 48.094606 | I147: 2094 | J147: 4535 | K147: 46.170253
A148: NSW | B148: 107031142 | C148: Shellharbour - Oak Flats | D148: 50–74 | E148: 1186 | F148: 2659 | G148: 44.611208 | I148: 1253 | J148: 2888 | K148: 43.392857
A149: NSW | B149: 107031143 | C149: Warilla | D149: 50–74 | E149: 2108 | F149: 5297 | G149: 39.796111 | I149: 2079 | J149: 5540 | K149: 37.527076
A150: NSW | B150: 107041144 | C150: Balgownie - Fairy Meadow | D150: 50–74 | E150: 2154 | F150: 4972 | G150: 43.320226 | I150: 2205 | J150: 5246 | K150: 42.034618
A151: NSW | B151: 107041145 | C151: Corrimal - Tarrawanna - Bellambi | D151: 50–74 | E151: 1660 | F151: 3953 | G151: 41.995448 | I151: 1640 | J151: 4117 | K151: 39.831375
A152: NSW | B152: 107041146 | C152: Figtree - Keiraville | D152: 50–74 | E152: 1982 | F152: 4467 | G152: 44.377292 | I152: 2011 | J152: 4676 | K152: 43.003637
A153: NSW | B153: 107041147 | C153: Helensburgh | D153: 50–74 | E153: 1002 | F153: 2106 | G153: 47.578348 | I153: 1043 | J153: 2216 | K153: 47.06723
... A167: NSW | B167: 108021160 | C167: South West Rocks | D167: 50–74 | E167: 965 | F167: 1790 | G167: 53.910615 | I167: 972 | J167: 1913 | K167: 50.810246
A168: NSW | B168: 108031161 | C168: Lord Howe Island | D168: 50–74 | E168: 50 | F168: 117 | G168: 42.735043 | I168: n.p. | J168: n.p. | K168: n.p.
A169: NSW | B169: 108041162 | C169: Laurieton - Bonny Hills | D169: 50–74 | E169: 2878 | F169: 5768 | G169: 49.895972 | I169: 2833 | J169: 6093 | K169: 46.485677
A170: NSW | B170: 108041163 | C170: Port Macquarie - East | D170: 50–74 | E170: 3861 | F170: 8391 | G170: 46.008737 | I170: 3814 | J170: 8694 | K170: 43.867248
A171: NSW | B171: 108041164 | C171: Port Macquarie - West | D171: 50–74 | E171: 1891 | F171: 4340 | G171: 43.581324 | I171: 1885 | J171: 4626 | K171: 40.743042
A172: NSW | B172: 108041165 | C172: Port Macquarie Region | D172: 50–74 | E172: 644 | F172: 1563 | G172: 41.176481 | I172: 634 | J172: 1679 | K172: 37.739521
A173: NSW | B173: 108041166 | C173: Wauchope | D173: 50–74 | E173: 1412 | F173: 3228 | G173: 43.724913 | I173: 1410 | J173: 3434 | K173: 41.060221
A174: NSW | B174: 108051167 | C174: Gloucester | D174: 50–74 | E174: 829 | F174: 1666 | G174: 49.759904 | I174: 850 | J174: 1784 | K174: 47.644054
A175: NSW | B175: 108051168 | C175: Old Bar - Manning Point - Red Head | D175: 50–74 | E175: 1846 | F175: 3494 | G175: 52.824677 | I175: 1856 | J175: 3773 | K175: 49.187525
A176: NSW | B176: 108051169 | C176: Taree | D176: 50–74 | E176: 2635 | F176: 6082 | G176: 43.330681 | I176: 2599 | J176: 6404 | K176: 40.579056
A177: NSW | B177: 108051170 | C177: Taree Region | D177: 50–74 | E177: 2270 | F177: 4625 | G177: 49.090269 | I177: 2259 | J177: 4901 | K177: 46.094941
A178: NSW | B178: 108051171 | C178: Wingham | D178: 50–74 | E178: 658 | F178: 1495 | G178: 44.013378 | I178: 652 | J178: 1562 | K178: 41.741357
A179: NSW | B179: 109011172 | C179: Albury - East | D179: 50–74 | E179: 1940 | F179: 3754 | G179: 51.671854 | I179: 1950 | J179: 4085 | K179: 47.741275
A180: NSW | B180: 109011173 | C180: Albury - North | D180: 50–74 | E180: 1005 | F180: 2193 | G180: 45.823024 | I180: 990 | J180: 2384 | K180: 41.525358
... A236: NSW | B236: 111031229 | C236: Newcastle - Cooks Hill | D236: 50–74 | E236: 1409 | F236: 2946 | G236: 47.818366 | I236: 1486 | J236: 3171 | K236: 46.858398
A237: NSW | B237: 111031230 | C237: Newcastle Port - Kooragang | D237: 50–74 | E237: n.p. | F237: n.p. | G237: n.p. | I237: n.p. | J237: n.p. | K237: n.p.
A238: NSW | B238: 111031231 | C238: Shortland - Jesmond | D238: 50–74 | E238: 657 | F238: 1692 | G238: 38.826915 | I238: 634 | J238: 1773 | K238: 35.754362
A239: NSW | B239: 111031232 | C239: Stockton - Fullerton Cove | D239: 50–74 | E239: 1233 | F239: 2408 | G239: 51.204319 | I239: 1201 | J239: 2477 | K239: 48.490109
A240: NSW | B240: 111031233 | C240: Wallsend - Elermore Vale | D240: 50–74 | E240: 2036 | F240: 4475 | G240: 45.501918 | I240: 2000 | J240: 4663 | K240: 42.890168
A241: NSW | B241: 111031234 | C241: Waratah - North Lambton | D241: 50–74 | E241: 1019 | F241: 2475 | G241: 41.171717 | I241: 978 | J241: 2559 | K241: 38.218054
A242: NSW | B242: 111031235 | C242: Wickham - Carrington - Tighes Hill | D242: 50–74 | E242: 866 | F242: 1979 | G242: 43.759474 | I242: 907 | J242: 2144 | K242: 42.304104
A243: NSW | B243: 112011236 | C243: Ballina | D243: 50–74 | E243: 2771 | F243: 5830 | G243: 47.530196 | I243: 2713 | J243: 6057 | K243: 44.794794
A244: NSW | B244: 112011237 | C244: Ballina Region | D244: 50–74 | E244: 2154 | F244: 4587 | G244: 46.959401 | I244: 2176 | J244: 4904 | K244: 44.378997
A245: NSW | B245: 112011238 | C245: Bangalow | D245: 50–74 | E245: 716 | F245: 1737 | G245: 41.235639 | I245: 762 | J245: 1873 | K245: 40.70807
A246: NSW | B246: 112011239 | C246: Brunswick Heads - Ocean Shores | D246: 50–74 | E246: 1123 | F246: 2725 | G246: 41.205221 | I246: 1136 | J246: 2893 | K246: 39.272579
A247: NSW | B247: 112011240 | C247: Byron Bay | D247: 50–74 | E247: 1264 | F247: 3210 | G247: 39.371726 | I247: 1251 | J247: 3366 | K247: 37.159616
A248: NSW | B248: 112011241 | C248: Evans Head | D248: 50–74 | E248: 615 | F248: 1453 | G248: 42.330831 | I248: 657 | J248: 1539 | K248: 42.694447
A249: NSW | B249: 112011242 | C249: Lennox Head - Skennars Head | D249: 50–74 | E249: 1004 | F249: 2055 | G249: 48.831916 | I249: 1040 | J249: 2175 | K249: 47.81008
... A283: NSW | B283: 114011274 | C283: Culburra Beach | D283: 50–74 | E283: 707 | F283: 1472 | G283: 48.027674 | I283: 672 | J283: 1502 | K283: 44.738779
A284: NSW | B284: 114011275 | C284: Ettrema - Sassafras - Budawang | D284: 50–74 | E284: n.p. | F284: n.p. | G284: n.p. | I284: n.p. | J284: n.p. | K284: n.p.
A285: NSW | B285: 114011276 | C285: Huskisson - Vincentia | D285: 50–74 | E285: 1181 | F285: 2200 | G285: 53.689789 | I285: 1094 | J285: 2143 | K285: 51.05892
A286: NSW | B286: 114011277 | C286: North Nowra - Bomaderry | D286: 50–74 | E286: 1839 | F286: 3948 | G286: 46.587548 | I286: 1826 | J286: 4145 | K286: 44.044522
A287: NSW | B287: 114011278 | C287: Nowra | D287: 50–74 | E287: 2128 | F287: 5275 | G287: 40.337588 | I287: 2113 | J287: 5656 | K287: 37.369987
A288: NSW | B288: 114011279 | C288: St Georges Basin - Erowal Bay | D288: 50–74 | E288: 1814 | F288: 4015 | G288: 45.170817 | I288: 1798 | J288: 4228 | K288: 42.529252
A289: NSW | B289: 114011280 | C289: Sussex Inlet - Berrara | D289: 50–74 | E289: 735 | F289: 1518 | G289: 48.401273 | I289: 729 | J289: 1567 | K289: 46.500251
A290: NSW | B290: 114011281 | C290: Tomerong - Wandandian - Woollamia | D290: 50–74 | E290: 496 | F290: 993 | G290: 49.985176 | I290: 488 | J290: 1051 | K290: 46.427884
A291: NSW | B291: 114011282 | C291: Ulladulla | D291: 50–74 | E291: 2388 | F291: 4668 | G291: 51.160158 | I291: 2370 | J291: 4930 | K291: 48.070161
...

Sheet NBCSP, SA2 2011
A1: Click to return to TOC
A2: Table 6b: Participation in the National Bowel Cancer Screening Program, by Statistical Area Level 2 (AGSG 2011), people aged 50–74, 2015–2016 to 2017–2018
D3: 2015–2016 | H3: 2016–2017 | L3: 2017–2018
A4: State/territory | B4: SA2 code | C4: SA2 name | D4: Participated | E4: Invited | F4: Participation (%) | H4: Participated | I4: Invited | J4: Participation (%) | L4: Participated | M4: Invited | N4: Participation (%)
A5: NSW | B5: 101011001 | C5: Goulburn | D5: 1386 | E5: 3385 | F5: 40.9 | H5: 1803 | I5: 4472 | J5: 40.3 | L5: 2304 | M5: 5516 | N5: 41.8
A6: NSW | B6: 101011002 | C6: Goulburn Region | D6: 882 | E6: 2098 | F6: 42 | H6: 1096 | I6: 2621 | J6: 41.8 | L6: 1305 | M6: 3126 | N6: 41.8
A7: NSW | B7: 101011003 | C7: Yass | D7: 340 | E7: 864 | F7: 39.3 | H7: 445 | I7: 1154 | J7: 38.6 | L7: 653 | M7: 1595 | N7: 40.9
A8: NSW | B8: 101011004 | C8: Yass Region | D8: 749 | E8: 1782 | F8: 42 | H8: 999 | I8: 2345 | J8: 42.6 | L8: 1113 | M8: 2607 | N8: 42.7
A9: NSW | B9: 101011005 | C9: Young | D9: 684 | E9: 1669 | F9: 41 | H9: 914 | I9: 2175 | J9: 42 | L9: 996 | M9: 2540 | N9: 39.2
A10: NSW | B10: 101011006 | C10: Young Region | D10: 507 | E10: 1288 | F10: 39.3 | H10: 649 | I10: 1704 | J10: 38.1 | L10: 777 | M10: 1967 | N10: 39.5
A11: NSW | B11: 101021007 | C11: Braidwood | D11: 284 | E11: 683 | F11: 41.6 | H11: 389 | I11: 919 | J11: 42.4 | L11: 496 | M11: 1114 | N11: 44.6
A12: NSW | B12: 101021008 | C12: Karabar | D12: 416 | E12: 1249 | F12: 33.4 | H12: 539 | I12: 1677 | J12: 32.2 | L12: 666 | M12: 1909 | N12: 34.9
A13: NSW | B13: 101021009 | C13: Queanbeyan | D13: 392 | E13: 1116 | F13: 35.1 | H13: 516 | I13: 1469 | J13: 35.1 | L13: 865 | M13: 2261 | N13: 38.3
A14: NSW | B14: 101021010 | C14: Queanbeyan - East | D14: 196 | E14: 520 | F14: 37.8 | H14: 267 | I14: 702 | J14: 38.1 | L14: 320 | M14: 782 | N14: 40.9
A15: NSW | B15: 101021011 | C15: Queanbeyan Region | D15: 1040 | E15: 2388 | F15: 43.5 | H15: 1434 | I15: 3186 | J15: 45 | L15: 1703 | M15: 3731 | N15: 45.6
A16: NSW | B16: 101021012 | C16: Queanbeyan West - Jerrabomberra | D16: 661 | E16: 1587 | F16: 41.6 | H16: 825 | I16: 1996 | J16: 41.4 | L16: 1054 | M16: 2408 | N16: 43.8
... A25: NSW | B25: 101041021 | C25: Broulee - Tomakin | D25: 253 | E25: 529 | F25: 47.9 | H25: 325 | I25: 682 | J25: 47.7 | L25: 431 | M25: 878 | N25: 49.1
A26: NSW | B26: 101041022 | C26: Deua - Wadbilliga | D26: n.p. | E26: n.p. | F26: n.p. | H26: n.p. | I26: n.p. | J26: n.p. | L26: n.p. | M26: n.p. | N26: n.p.
A27: NSW | B27: 101041023 | C27: Eden | D27: 286 | E27: 652 | F27: 43.8 | H27: 371 | I27: 834 | J27: 44.4 | L27: 493 | M27: 1050 | N27: 46.9
A28: NSW | B28: 101041024 | C28: Eurobodalla Hinterland | D28: 269 | E28: 627 | F28: 43 | H28: 367 | I28: 824 | J28: 44.6 | L28: 415 | M28: 959 | N28: 43.2
A29: NSW | B29: 101041025 | C29: Merimbula - Tura Beach | D29: 1042 | E29: 2100 | F29: 49.6 | H29: 1369 | I29: 2707 | J29: 50.6 | L29: 1790 | M29: 3417 | N29: 52.4
A30: NSW | B30: 101041026 | C30: Moruya - Tuross Head | D30: 794 | E30: 1717 | F30: 46.3 | H30: 1027 | I30: 2228 | J30: 46.1 | L30: 1281 | M30: 2744 | N30: 46.7
A31: NSW | B31: 101041027 | C31: Narooma - Bermagui | D31: 973 | E31: 2025 | F31: 48 | H31: 1272 | I31: 2585 | J31: 49.2 | L31: 1553 | M31: 3158 | N31: 49.2
A32: NSW | B32: 102011028 | C32: Avoca Beach - Copacabana | D32: 499 | E32: 1271 | F32: 39.2 | H32: 566 | I32: 1411 | J32: 40.1 | L32: 793 | M32: 1845 | N32: 43
A33: NSW | B33: 102011029 | C33: Box Head - MacMasters Beach | D33: 827 | E33: 1981 | F33: 41.8 | H33: 1032 | I33: 2524 | J33: 40.9 | L33: 1314 | M33: 2991 | N33: 43.9
A34: NSW | B34: 102011030 | C34: Calga - Kulnura | D34: 309 | E34: 890 | F34: 34.7 | H34: 380 | I34: 1108 | J34: 34.3 | L34: 449 | M34: 1348 | N34: 33.3
A35: NSW | B35: 102011031 | C35: Erina - Green Point | D35: 963 | E35: 2375 | F35: 40.5 | H35: 1258 | I35: 3086 | J35: 40.8 | L35: 1523 | M35: 3628 | N35: 42
A36: NSW | B36: 102011032 | C36: Gosford - Springfield | D36: 787 | E36: 2213 | F36: 35.6 | H36: 996 | I36: 2748 | J36: 36.2 | L36: 1280 | M36: 3422 | N36: 37.4
A37: NSW | B37: 102011033 | C37: Kariong | D37: 314 | E37: 911 | F37: 34.5 | H37: 413 | I37: 1200 | J37: 34.5 | L37: 500 | M37: 1394 | N37: 35.9
A38: NSW | B38: 102011034 | C38: Kincumber - Picketts Valley | D38: 481 | E38: 1182 | F38: 40.7 | H38: 671 | I38: 1568 | J38: 42.8 | L38: 838 | M38: 1946 | N38: 43
... A78: NSW | B78: 103031074 | C78: Mudgee Region - West | D78: 677 | E78: 1646 | F78: 41.1 | H78: 861 | I78: 2091 | J78: 41.2 | L78: 954 | M78: 2413 | N78: 39.5
A79: NSW | B79: 103031075 | C79: Wollangambe - Wollemi | D79: n.p. | E79: n.p. | F79: n.p. | H79: n.p. | I79: n.p. | J79: n.p. | L79: n.p. | M79: n.p. | N79: n.p.
A80: NSW | B80: 103041076 | C80: Blayney | D80: 440 | E80: 1102 | F80: 40 | H80: 553 | I80: 1442 | J80: 38.3 | L80: 676 | M80: 1734 | N80: 39
A81: NSW | B81: 103041077 | C81: Orange | D81: 1109 | E81: 2825 | F81: 39.3 | H81: 1380 | I81: 3631 | J81: 38 | L81: 1717 | M81: 4434 | N81: 38.7
A82: NSW | B82: 103041078 | C82: Orange - North | D82: 968 | E82: 2313 | F82: 41.9 | H82: 1274 | I82: 3155 | J82: 40.4 | L82: 1602 | M82: 3841 | N82: 41.7
A83: NSW | B83: 103041079 | C83: Orange Region | D83: 716 | E83: 1628 | F83: 44 | H83: 909 | I83: 2105 | J83: 43.2 | L83: 1100 | M83: 2531 | N83: 43.5
A84: NSW | B84: 104011080 | C84: Grafton | D84: 1307 | E84: 3001 | F84: 43.5 | H84: 1534 | I84: 3704 | J84: 41.4 | L84: 1983 | M84: 4753 | N84: 41.7
A85: NSW | B85: 104011081 | C85: Grafton Region | D85: 1266 | E85: 3068 | F85: 41.3 | H85: 1563 | I85: 3808 | J85: 41.1 | L85: 1800 | M85: 4279 | N85: 42.1
A86: NSW | B86: 104011082 | C86: Maclean - Yamba - Iluka | D86: 1467 | E86: 3308 | F86: 44.4 | H86: 1824 | I86: 4216 | J86: 43.3 | L86: 2236 | M86: 5099 | N86: 43.8
A87: NSW | B87: 104021083 | C87: Bellingen | D87: 467 | E87: 1120 | F87: 41.7 | H87: 609 | I87: 1430 | J87: 42.6 | L87: 688 | M87: 1682 | N87: 40.9
A88: NSW | B88: 104021084 | C88: Coffs Harbour - North | D88: 1116 | E88: 2732 | F88: 40.8 | H88: 1550 | I88: 3680 | J88: 42.1 | L88: 1966 | M88: 4539 | N88: 43.3
A89: NSW | B89: 104021085 | C89: Coffs Harbour - South | D89: 589 | E89: 1423 | F89: 41.4 | H89: 797 | I89: 1958 | J89: 40.7 | L89: 971 | M89: 2372 | N89: 40.9
A90: NSW | B90: 104021086 | C90: Coramba - Nana Glen - Bucca | D90: 301 | E90: 764 | F90: 39.4 | H90: 375 | I90: 887 | J90: 42.3 | L90: 444 | M90: 1091 | N90: 40.7
A91: NSW | B91: 104021087 | C91: Dorrigo | D91: 308 | E91: 704 | F91: 43.7 | H91: 377 | I91: 894 | J91: 42.2 | L91: 432 | M91: 1070 | N91: 40.4
... A136: NSW | B136: 107011132 | C136: Horsley - Kembla Grange | D136: 370 | E136: 992 | F136: 37.3 | H136: 491 | I136: 1256 | J136: 39.1 | L136: 647 | M136: 1639 | N136: 39.5
A137: NSW | B137: 107011133 | C137: Port Kembla Industrial | D137: n.p. | E137: n.p. | F137: n.p. | H137: n.p. | I137: n.p. | J137: n.p. | L137: n.p. | M137: n.p. | N137: n.p.
A138: NSW | B138: 107011134 | C138: Unanderra - Mount Kembla | D138: 905 | E138: 2268 | F138: 39.9 | H138: 1204 | I138: 2995 | J138: 40.2 | L138: 1496 | M138: 3671 | N138: 40.8
A139: NSW | B139: 107021135 | C139: Illawarra Catchment Reserve | D139: n.p. | E139: n.p. | F139: n.p. | H139: n.p. | I139: n.p. | J139: n.p. | L139: n.p. | M139: n.p. | N139: n.p.
A140: NSW | B140: 107031136 | C140: Albion Park - Macquarie Pass | D140: 747 | E140: 1761 | F140: 42.4 | H140: 919 | I140: 2268 | J140: 40.5 | L140: 1223 | M140: 2903 | N140: 42.1
A141: NSW | B141: 107031137 | C141: Albion Park Rail | D141: 367 | E141: 967 | F141: 37.9 | H141: 458 | I141: 1284 | J141: 35.6 | L141: 551 | M141: 1488 | N141: 37
A142: NSW | B142: 107031138 | C142: Kiama | D142: 578 | E142: 1280 | F142: 45.1 | H142: 832 | I142: 1802 | J142: 46.2 | L142: 1038 | M142: 2195 | N142: 47.3
A143: NSW | B143: 107031139 | C143: Kiama Downs - Minnamurra | D143: 437 | E143: 1011 | F143: 43.3 | H143: 578 | I143: 1315 | J143: 43.9 | L143: 719 | M143: 1603 | N143: 44.9
A144: NSW | B144: 107031140 | C144: Kiama Hinterland - Gerringong | D144: 584 | E144: 1324 | F144: 44.1 | H144: 679 | I144: 1512 | J144: 44.9 | L144: 953 | M144: 2033 | N144: 46.9
A145: NSW | B145: 107031141 | C145: Shellharbour - Flinders | D145: 913 | E145: 2109 | F145: 43.3 | H145: 1192 | I145: 2764 | J145: 43.1 | L145: 1554 | M145: 3447 | N145: 45.1
A146: NSW | B146: 107031142 | C146: Shellharbour - Oak Flats | D146: 639 | E146: 1544 | F146: 41.4 | H146: 859 | I146: 2068 | J146: 41.5 | L146: 1068 | M146: 2552 | N146: 41.8
A147: NSW | B147: 107031143 | C147: Warilla | D147: 1277 | E147: 3276 | F147: 39 | H147: 1650 | I147: 4159 | J147: 39.7 | L147: 1959 | M147: 4926 | N147: 39.8
A148: NSW | B148: 107041144 | C148: Balgownie - Fairy Meadow | D148: 1173 | E148: 2992 | F148: 39.2 | H148: 1482 | I148: 3847 | J148: 38.5 | L148: 1855 | M148: 4635 | N148: 40
A149: NSW | B149: 107041145 | C149: Corrimal - Tarrawanna - Bellambi | D149: 816 | E149: 2173 | F149: 37.6 | H149: 1051 | I149: 2804 | J149: 37.5 | L149: 1304 | M149: 3376 | N149: 38.6
A150: NSW | B150: 107041146 | C150: Figtree - Keiraville | D150: 1357 | E150: 3274 | F150: 41.5 | H150: 1575 | I150: 3876 | J150: 40.6 | L150: 1991 | M150: 4684 | N150: 42.5
A151: NSW | B151: 107041147 | C151: Helensburgh | D151: 433 | E151: 1122 | F151: 38.6 | H151: 587 | I151: 1493 | J151: 39.3 | L151: 800 | M151: 1846 | N151: 43.3
... A164: NSW | B164: 108021160 | C164: South West Rocks | D164: 498 | E164: 1010 | F164: 49.3 | H164: 677 | I164: 1338 | J164: 50.6 | L164: 869 | M164: 1704 | N164: 51
A165: NSW | B165: 108031161 | C165: Lord Howe Island | D165: n.p. | E165: n.p. | F165: n.p. | H165: n.p. | I165: n.p. | J165: n.p. | L165: n.p. | M165: n.p. | N165: n.p.
A166: NSW | B166: 108041162 | C166: Laurieton - Bonny Hills | D166: 1502 | E166: 3105 | F166: 48.4 | H166: 2003 | I166: 4205 | J166: 47.6 | L166: 2460 | M166: 5173 | N166: 47.6
A167: NSW | B167: 108041163 | C167: Port Macquarie - East | D167: 2099 | E167: 4705 | F167: 44.6 | H167: 2702 | I167: 6134 | J167: 44.1 | L167: 3503 | M167: 7942 | N167: 44.1
A168: NSW | B168: 108041164 | C168: Port Macquarie - West | D168: 1094 | E168: 2588 | F168: 42.3 | H168: 1419 | I168: 3430 | J168: 41.4 | L168: 1499 | M168: 3684 | N168: 40.7
A169: NSW | B169: 108041165 | C169: Port Macquarie Region | D169: 388 | E169: 982 | F169: 39.5 | H169: 487 | I169: 1223 | J169: 39.8 | L169: 582 | M169: 1459 | N169: 39.9
A170: NSW | B170: 108041166 | C170: Wauchope | D170: 758 | E170: 1765 | F170: 42.9 | H170: 948 | I170: 2347 | J170: 40.4 | L170: 1191 | M170: 2869 | N170: 41.5
A171: NSW | B171: 108051167 | C171: Gloucester | D171: 459 | E171: 951 | F171: 48.3 | H171: 604 | I171: 1258 | J171: 48 | L171: 747 | M171: 1576 | N171: 47.4
A172: NSW | B172: 108051168 | C172: Old Bar - Manning Point - Red Head | D172: 949 | E172: 1984 | F172: 47.9 | H172: 1315 | I172: 2661 | J172: 49.4 | L172: 1697 | M172: 3357 | N172: 50.5
A173: NSW | B173: 108051169 | C173: Taree | D173: 1455 | E173: 3326 | F173: 43.8 | H173: 1812 | I173: 4293 | J173: 42.2 | L173: 2230 | M173: 5204 | N173: 42.9
A174: NSW | B174: 108051170 | C174: Taree Region | D174: 1251 | E174: 2646 | F174: 47.3 | H174: 1665 | I174: 3507 | J174: 47.5 | L174: 2005 | M174: 4269 | N174: 47
A175: NSW | B175: 108051171 | C175: Wingham | D175: 400 | E175: 930 | F175: 42.9 | H175: 509 | I175: 1188 | J175: 42.9 | L175: 652 | M175: 1464 | N175: 44.5
A176: NSW | B176: 109011172 | C176: Albury - East | D176: 792 | E176: 1702 | F176: 46.5 | H176: 1057 | I176: 2260 | J176: 46.8 | L176: 1359 | M176: 2801 | N176: 48.5
A177: NSW | B177: 109011173 | C177: Albury - North | D177: 502 | E177: 1247 | F177: 40.2 | H177: 684 | I177: 1651 | J177: 41.5 | L177: 858 | M177: 1952 | N177: 43.9
... A233: NSW | B233: 111031229 | C233: Newcastle - Cooks Hill | D233: 620 | E233: 1502 | F233: 41.3 | H233: 843 | I233: 1876 | J233: 44.9 | L233: 1081 | M233: 2397 | N233: 45.1
A234: NSW | B234: 111031230 | C234: Newcastle Port - Kooragang | D234: n.p. | E234: n.p. | F234: n.p. | H234: n.p. | I234: n.p. | J234: n.p. | L234: n.p. | M234: n.p. | N234: n.p.
A235: NSW | B235: 111031231 | C235: Shortland - Jesmond | D235: 389 | E235: 992 | F235: 39.2 | H235: 495 | I235: 1296 | J235: 38.2 | L235: 587 | M235: 1504 | N235: 39
A236: NSW | B236: 111031232 | C236: Stockton - Fullerton Cove | D236: 644 | E236: 1328 | F236: 48.5 | H236: 870 | I236: 1791 | J236: 48.6 | L236: 1142 | M236: 2215 | N236: 51.5
A237: NSW | B237: 111031233 | C237: Wallsend - Elermore Vale | D237: 1202 | E237: 2767 | F237: 43.4 | H237: 1474 | I237: 3480 | J237: 42.4 | L237: 1827 | M237: 4209 | N237: 43.4
A238: NSW | B238: 111031234 | C238: Waratah - North Lambton | D238: 522 | E238: 1392 | F238: 37.5 | H238: 706 | I238: 1833 | J238: 38.5 | L238: 859 | M238: 2210 | N238: 38.9
A239: NSW | B239: 111031235 | C239: Wickham - Carrington - Tighes Hill | D239: 367 | E239: 1038 | F239: 35.3 | H239: 480 | I239: 1360 | J239: 35.3 | L239: 700 | M239: 1739 | N239: 40.2
A240: NSW | B240: 112011236 | C240: Ballina | D240: 1144 | E240: 2674 | F240: 42.8 | H240: 1576 | I240: 3716 | J240: 42.4 | L240: 2062 | M240: 4613 | N240: 44.7
A241: NSW | B241: 112011237 | C241: Ballina Region | D241: 1268 | E241: 2837 | F241: 44.7 | H241: 1619 | I241: 3763 | J241: 43 | L241: 2051 | M241: 4601 | N241: 44.6
A242: NSW | B242: 112011238 | C242: Bangalow | D242: 425 | E242: 998 | F242: 42.6 | H242: 512 | I242: 1310 | J242: 39.1 | L242: 652 | M242: 1674 | N242: 38.9
A243: NSW | B243: 112011239 | C243: Brunswick Heads - Ocean Shores | D243: 579 | E243: 1445 | F243: 40.1 | H243: 703 | I243: 1810 | J243: 38.9 | L243: 900 | M243: 2233 | N243: 40.3
A244: NSW | B244: 112011240 | C244: Byron Bay | D244: 683 | E244: 1804 | F244: 37.9 | H244: 842 | I244: 2265 | J244: 37.2 | L244: 1008 | M244: 2716 | N244: 37.1
A245: NSW | B245: 112011241 | C245: Evans Head | D245: 352 | E245: 875 | F245: 40.2 | H245: 450 | I245: 1131 | J245: 39.8 | L245: 562 | M245: 1402 | N245: 40.1
A246: NSW | B246: 112011242 | C246: Lennox Head - Skennars Head | D246: 612 | E246: 1447 | F246: 42.3 | H246: 749 | I246: 1716 | J246: 43.6 | L246: 958 | M246: 2052 | N246: 46.7
... A278: NSW | B278: 114011274 | C278: Culburra Beach | D278: 456 | E278: 968 | F278: 47.1 | H278: 536 | I278: 1152 | J278: 46.5 | L278: 692 | M278: 1470 | N278: 47.1
A279: NSW | B279: 114011275 | C279: Ettrema - Sassafras - Budawang | D279: n.p. | E279: n.p. | F279: n.p. | H279: n.p. | I279: n.p. | J279: n.p. | L279: n.p. | M279: n.p. | N279: n.p.
A280: NSW | B280: 114011276 | C280: Huskisson - Vincentia | D280: 420 | E280: 835 | F280: 50.3 | H280: 556 | I280: 1081 | J280: 51.4 | L280: 729 | M280: 1412 | N280: 51.6
A281: NSW | B281: 114011277 | C281: North Nowra - Bomaderry | D281: 1166 | E281: 2652 | F281: 44 | H281: 1485 | I281: 3453 | J281: 43 | L281: 1826 | M281: 4225 | N281: 43.2
A282: NSW | B282: 114011278 | C282: Nowra | D282: 963 | E282: 2620 | F282: 36.8 | H282: 1313 | I282: 3484 | J282: 37.7 | L282: 1587 | M282: 4172 | N282: 38
A283: NSW | B283: 114011279 | C283: St Georges Basin - Erowal Bay | D283: 1093 | E283: 2468 | F283: 44.3 | H283: 1459 | I283: 3207 | J283: 45.5 | L283: 1766 | M283: 3871 | N283: 45.6
A284: NSW | B284: 114011280 | C284: Sussex Inlet - Berrara | D284: 407 | E284: 877 | F284: 46.4 | H284: 528 | I284: 1190 | J284: 44.4 | L284: 682 | M284: 1469 | N284: 46.4
A285: NSW | B285: 114011281 | C285: Tomerong - Wandandian - Woollamia | D285: 265 | E285: 637 | F285: 41.6 | H285: 317 | I285: 739 | J285: 42.9 | L285: 407 | M285: 930 | N285: 43.8
A286: NSW | B286: 114011282 | C286: Ulladulla | D286: 1379 | E286: 2898 | F286: 47.6 | H286: 1762 | I286: 3792 | J286: 46.5 | L286: 2230 | M286: 4661 | N286: 47.8
A287: NSW | B287: 114011283 | C287: Ulladulla Region | D287: 523 | E287: 1076 | F287: 48.6 | H287: 663 | I287: 1401 | J287: 47.3 | L287: 824 | M287: 1725 | N287: 47.8
A288: NSW | B288: 114021284 | C288: Bowral | D288: 1094 | E288: 2547 | F288: 43 | H288: 1488 | I288: 3412 | J288: 43.6 | L288: 1839 | M288: 4083 | N288: 45
A289: NSW | B289: 114021285 | C289: Hill Top - Colo Vale | D289: 277 | E289: 805 | F289: 34.4 | H289: 383 | I289: 1060 | J289: 36.1 | L289: 469 | M289: 1289 | N289: 36.4
...

Sheet NBCSP, Activity-Invites-State-
A1: Click to return to TOC
A2: Table 7: Number of screening invitations issued by the National Bowel Cancer Screening Program, by quarter, month, sex and state/territory, people aged 50–74, January 2014 to March 2023
C3: Males | M3: Females | W3: Persons
A4: Period (quarter) | B4: Month | C4: NSW | D4: VIC | E4: QLD | F4: WA | G4: SA | H4: TAS | I4: ACT | J4: NT | K4: Australia | M4: NSW | N4: VIC | O4: QLD | P4: WA | Q4: SA | R4: TAS | S4: ACT | T4: NT | U4: Australia | W4: NSW | X4: VIC | Y4: QLD | Z4: WA | AA4: SA | AB4: TAS | AC4: ACT | AD4: NT | AE4: Australia
A5: March quarter 2014 | B5: January | C5: 14438 | D5: 10671 | E5: 6891 | F5: 2067 | G5: 3072 | H5: 1050 | I5: 675 | J5: . | K5: 38864 | M5: 14305 | N5: 10821 | O5: 7000 | P5: 2020 | Q5: 3299 | R5: 1193 | S5: 761 | T5: . | U5: 39399 | W5: 28743 | X5: 21492 | Y5: 13891 | Z5: 4087 | AA5: 6371 | AB5: 2243 | AC5: 1436 | AD5: . | AE5: 78263
B6: February | C6: 19716 | D6: 14511 | E6: 10028 | F6: 3342 | G6: 4327 | H6: 1421 | I6: 975 | J6: . | K6: 54320 | M6: 19694 | N6: 15015 | O6: 10315 | P6: 3288 | Q6: 4402 | R6: 1585 | S6: 1011 | T6: . | U6: 55310 | W6: 39410 | X6: 29526 | Y6: 20343 | Z6: 6630 | AA6: 8729 | AB6: 3006 | AC6: 1986 | AD6: . | AE6: 109630
B7: March | C7: 28470 | D7: 19859 | E7: 16296 | F7: 8063 | G7: 6449 | H7: 2000 | I7: 1321 | J7: 76 | K7: 82534 | M7: 28358 | N7: 20342 | O7: 16229 | P7: 8125 | Q7: 6490 | R7: 2009 | S7: 1447 | T7: 92 | U7: 83092 | W7: 56828 | X7: 40201 | Y7: 32525 | Z7: 16188 | AA7: 12939 | AB7: 4009 | AC7: 2768 | AD7: 168 | AE7: 165626
B8: January-March | C8: 62624 | D8: 45041 | E8: 33215 | F8: 13472 | G8: 13848 | H8: 4471 | I8: 2971 | J8: 76 | K8: 175718 | M8: 62357 | N8: 46178 | O8: 33544 | P8: 13433 | Q8: 14191 | R8: 4787 | S8: 3219 | T8: 92 | U8: 177801 | W8: 124981 | X8: 91219 | Y8: 66759 | Z8: 26905 | AA8: 28039 | AB8: 9258 | AC8: 6190 | AD8: 168 | AE8: 353519
A9: June quarter 2014 | B9: April | C9: 24423 | D9: 16309 | E9: 14892 | F9: 6300 | G9: 5351 | H9: 1593 | I9: 1164 | J9: 640 | K9: 70672 | M9: 24316 | N9: 16436 | O9: 14790 | P9: 6155 | Q9: 5410 | R9: 1581 | S9: 1223 | T9: 554 | U9: 70465 | W9: 48739 | X9: 32745 | Y9: 29682 | Z9: 12455 | AA9: 10761 | AB9: 3174 | AC9: 2387 | AD9: 1194 | AE9: 141137
B10: May | C10: 22503 | D10: 15065 | E10: 14506 | F10: 7145 | G10: 4848 | H10: 1444 | I10: 1087 | J10: 2040 | K10: 68638 | M10: 22390 | N10: 15172 | O10: 14352 | P10: 7025 | Q10: 4915 | R10: 1516 | S10: 1113 | T10: 1777 | U10: 68260 | W10: 44893 | X10: 30237 | Y10: 28858 | Z10: 14170 | AA10: 9763 | AB10: 2960 | AC10: 2200 | AD10: 3817 | AE10: 136898
B11: June | C11: 25554 | D11: 18860 | E11: 17700 | F11: 10290 | G11: 5916 | H11: 1745 | I11: 1224 | J11: 2481 | K11: 83770 | M11: 26121 | N11: 19248 | O11: 17551 | P11: 9823 | Q11: 5936 | R11: 1927 | S11: 1288 | T11: 2271 | U11: 84165 | W11: 51675 | X11: 38108 | Y11: 35251 | Z11: 20113 | AA11: 11852 | AB11: 3672 | AC11: 2512 | AD11: 4752 | AE11: 167935
B12: April-June | C12: 72480 | D12: 50234 | E12: 47098 | F12: 23735 | G12: 16115 | H12: 4782 | I12: 3475 | J12: 5161 | K12: 223080 | M12: 72827 | N12: 50856 | O12: 46693 | P12: 23003 | Q12: 16261 | R12: 5024 | S12: 3624 | T12: 4602 | U12: 222890 | W12: 145307 | X12: 101090 | Y12: 93791 | Z12: 46738 | AA12: 32376 | AB12: 9806 | AC12: 7099 | AD12: 9763 | AE12: 445970
A13: September quarter 2014 | B13: July | C13: 18175 | D13: 13473 | E13: 12156 | F13: 6437 | G13: 4313 | H13: 1277 | I13: 850 | J13: 475 | K13: 57156 | M13: 18259 | N13: 13879 | O13: 12080 | P13: 6410 | Q13: 4301 | R13: 1334 | S13: 832 | T13: 436 | U13: 57531 | W13: 36434 | X13: 27352 | Y13: 24236 | Z13: 12847 | AA13: 8614 | AB13: 2611 | AC13: 1682 | AD13: 911 | AE13: 114687
B14: August | C14: 19728 | D14: 14674 | E14: 12971 | F14: 6960 | G14: 4510 | H14: 1395 | I14: 833 | J14: 108 | K14: 61179 | M14: 20536 | N14: 15077 | O14: 13082 | P14: 6671 | Q14: 4597 | R14: 1503 | S14: 862 | T14: 123 | U14: 62451 | W14: 40264 | X14: 29751 | Y14: 26053 | Z14: 13631 | AA14: 9107 | AB14: 2898 | AC14: 1695 | AD14: 231 | AE14: 123630
B15: September | C15: 15173 | D15: 11646 | E15: 9710 | F15: 4222 | G15: 4134 | H15: 1236 | I15: 764 | J15: 39 | K15: 46924 | M15: 15469 | N15: 11844 | O15: 10072 | P15: 4181 | Q15: 4290 | R15: 1351 | S15: 705 | T15: 55 | U15: 47967 | W15: 30642 | X15: 23490 | Y15: 19782 | Z15: 8403 | AA15: 8424 | AB15: 2587 | AC15: 1469 | AD15: 94 | AE15: 94891
B16: July-September | C16: 53076 | D16: 39793 | E16: 34837 | F16: 17619 | G16: 12957 | H16: 3908 | I16: 2447 | J16: 622 | K16: 165259 | M16: 54264 | N16: 40800 | O16: 35234 | P16: 17262 | Q16: 13188 | R16: 4188 | S16: 2399 | T16: 614 | U16: 167949 | W16: 107340 | X16: 80593 | Y16: 70071 | Z16: 34881 | AA16: 26145 | AB16: 8096 | AC16: 4846 | AD16: 1236 | AE16: 333208
A17: December quarter 2014 | B17: October | C17: 14512 | D17: 11551 | E17: 8309 | F17: 3553 | G17: 4469 | H17: 1415 | I17: 673 | J17: 4 | K17: 44486 | M17: 14602 | N17: 11906 | O17: 8298 | P17: 3631 | Q17: 4734 | R17: 1398 | S17: 768 | T17: 9 | U17: 45346 | W17: 29114 | X17: 23457 | Y17: 16607 | Z17: 7184 | AA17: 9203 | AB17: 2813 | AC17: 1441 | AD17: 13 | AE17: 89832
B18: November | C18: 17133 | D18: 15970 | E18: 9246 | F18: 6637 | G18: 4018 | H18: 1679 | I18: 851 | J18: 3 | K18: 55537 | M18: 17728 | N18: 16340 | O18: 9408 | P18: 6799 | Q18: 4041 | R18: 1721 | S18: 856 | T18: 1 | U18: 56894 | W18: 34861 | X18: 32310 | Y18: 18654 | Z18: 13436 | AA18: 8059 | AB18: 3400 | AC18: 1707 | AD18: 4 | AE18: 112431
B19: December | C19: 3418 | D19: 3431 | E19: 1606 | F19: 1466 | G19: 799 | H19: 367 | I19: 175 | J19: . | K19: 11262 | M19: 3510 | N19: 3661 | O19: 1632 | P19: 1421 | Q19: 825 | R19: 403 | S19: 179 | T19: . | U19: 11631 | W19: 6928 | X19: 7092 | Y19: 3238 | Z19: 2887 | AA19: 1624 | AB19: 770 | AC19: 354 | AD19: . | AE19: 22893
B20: October-December | C20: 35063 | D20: 30952 | E20: 19161 | F20: 11656 | G20: 9286 | H20: 3461 | I20: 1699 | J20: 7 | K20: 111285 | M20: 35840 | N20: 31907 | O20: 19338 | P20: 11851 | Q20: 9600 | R20: 3522 | S20: 1803 | T20: 10 | U20: 113871 | W20: 70903 | X20: 62859 | Y20: 38499 | Z20: 23507 | AA20: 18886 | AB20: 6983 | AC20: 3502 | AD20: 17 | AE20: 225156
A21: March quarter 2015 | B21: January | C21: 17481 | D21: 13049 | E21: 8466 | F21: 2568 | G21: 3952 | H21: 1361 | I21: 877 | J21: . | K21: 47754 | M21: 17718 | N21: 13516 | O21: 8700 | P21: 2560 | Q21: 3931 | R21: 1389 | S21: 944 | T21: . | U21: 48758 | W21: 35199 | X21: 26565 | Y21: 17166 | Z21: 5128 | AA21: 7883 | AB21: 2750 | AC21: 1821 | AD21: . | AE21: 96512
B22: February | C22: 22463 | D22: 16915 | E22: 11795 | F22: 3885 | G22: 4940 | H22: 1725 | I22: 1075 | J22: . | K22: 62798 | M22: 23029 | N22: 17101 | O22: 11849 | P22: 3783 | Q22: 5136 | R22: 1746 | S22: 1119 | T22: . | U22: 63763 | W22: 45492 | X22: 34016 | Y22: 23644 | Z22: 7668 | AA22: 10076 | AB22: 3471 | AC22: 2194 | AD22: . | AE22: 126561
B23: March | C23: 26681 | D23: 19172 | E23: 15605 | F23: 7532 | G23: 6196 | H23: 1925 | I23: 1268 | J23: 82 | K23: 78461 | M23: 26810 | N23: 19716 | O23: 15440 | P23: 7677 | Q23: 6258 | R23: 1938 | S23: 1283 | T23: 83 | U23: 79205 | W23: 53491 | X23: 38888 | Y23: 31045 | Z23: 15209 | AA23: 12454 | AB23: 3863 | AC23: 2551 | AD23: 165 | AE23: 157666
B24: January-March | C24: 66625 | D24: 49136 | E24: 35866 | F24: 13985 | G24: 15088 | H24: 5011 | I24: 3220 | J24: 82 | K24: 189013 | M24: 67557 | N24: 50333 | O24: 35989 | P24: 14020 | Q24: 15325 | R24: 5073 | S24: 3346 | T24: 83 | U24: 191726 | W24: 134182 | X24: 99469 | Y24: 71855 | Z24: 28005 | AA24: 30413 | AB24: 10084 | AC24: 6566 | AD24: 165 | AE24: 380739
A25: June quarter 2015 | B25: April | C25: 18849 | D25: 14572 | E25: 12350 | F25: 5565 | G25: 4392 | H25: 1383 | I25: 819 | J25: 1706 | K25: 59636 | M25: 19149 | N25: 14916 | O25: 12098 | P25: 5559 | Q25: 4476 | R25: 1428 | S25: 863 | T25: 1481 | U25: 59970 | W25: 37998 | X25: 29488 | Y25: 24448 | Z25: 11124 | AA25: 8868 | AB25: 2811 | AC25: 1682 | AD25: 3187 | AE25: 119606
B26: May | C26: 23445 | D26: 17624 | E26: 16027 | F26: 8728 | G26: 5392 | H26: 1660 | I26: 1054 | J26: 2427 | K26: 76357 | M26: 23498 | N26: 17788 | O26: 15888 | P26: 8377 | Q26: 5381 | R26: 1756 | S26: 1109 | T26: 2164 | U26: 75961 | W26: 46943 | X26: 35412 | Y26: 31915 | Z26: 17105 | AA26: 10773 | AB26: 3416 | AC26: 2163 | AD26: 4591 | AE26: 152318
B27: June | C27: 18807 | D27: 14061 | E27: 13003 | F27: 7096 | G27: 4249 | H27: 1328 | I27: 810 | J27: 764 | K27: 60118 | M27: 18543 | N27: 14332 | O27: 12877 | P27: 7019 | Q27: 4382 | R27: 1375 | S27: 871 | T27: 736 | U27: 60135 | W27: 37350 | X27: 28393 | Y27: 25880 | Z27: 14115 | AA27: 8631 | AB27: 2703 | AC27: 1681 | AD27: 1500 | AE27: 120253
B28: April-June | C28: 61101 | D28: 46257 | E28: 41380 | F28: 21389 | G28: 14033 | H28: 4371 | I28: 2683 | J28: 4897 | K28: 196111 | M28: 61190 | N28: 47036 | O28: 40863 | P28: 20955 | Q28: 14239 | R28: 4559 | S28: 2843 | T28: 4381 | U28: 196066 | W28: 122291 | X28: 93293 | Y28: 82243 | Z28: 42344 | AA28: 28272 | AB28: 8930 | AC28: 5526 | AD28: 9278 | AE28: 392177
A29: September quarter 2015 | B29: July | C29: 18953 | D29: 14128 | E29: 12373 | F29: 6817 | G29: 4229 | H29: 1378 | I29: 868 | J29: 487 | K29: 59233 | M29: 19078 | N29: 14824 | O29: 12649 | P29: 6585 | Q29: 4311 | R29: 1376 | S29: 881 | T29: 433 | U29: 60137 | W29: 38031 | X29: 28952 | Y29: 25022 | Z29: 13402 | AA29: 8540 | AB29: 2754 | AC29: 1749 | AD29: 920 | AE29: 119370
B30: August | C30: 4459 | D30: 3588 | E30: 3250 | F30: 1788 | G30: 1045 | H30: 347 | I30: 191 | J30: 261 | K30: 14929 | M30: 4485 | N30: 3748 | O30: 3215 | P30: 1576 | Q30: 1077 | R30: 353 | S30: 180 | T30: 228 | U30: 14862 | W30: 8944 | X30: 7336 | Y30: 6465 | Z30: 3364 | AA30: 2122 | AB30: 700 | AC30: 371 | AD30: 489 | AE30: 29791
B31: September | C31: 18181 | D31: 13785 | E31: 12575 | F31: 6457 | G31: 4230 | H31: 1360 | I31: 858 | J31: 134 | K31: 57580 | M31: 18500 | N31: 14304 | O31: 12249 | P31: 6473 | Q31: 4287 | R31: 1499 | S31: 866 | T31: 114 | U31: 58292 | W31: 36681 | X31: 28089 | Y31: 24824 | Z31: 12930 | AA31: 8517 | AB31: 2859 | AC31: 1724 | AD31: 248 | AE31: 115872
B32: July-September | C32: 41593 | D32: 31501 | E32: 28198 | F32: 15062 | G32: 9504 | H32: 3085 | I32: 1917 | J32: 882 | K32: 131742 | M32: 42063 | N32: 32876 | O32: 28113 | P32: 14634 | Q32: 9675 | R32: 3228 | S32: 1927 | T32: 775 | U32: 133291 | W32: 83656 | X32: 64377 | Y32: 56311 | Z32: 29696 | AA32: 19179 | AB32: 6313 | AC32: 3844 | AD32: 1657 | AE32: 265033
A33: December quarter 2015 | B33: October | C33: 21938 | D33: 15604 | E33: 14695 | F33: 6511 | G33: 6132 | H33: 1780 | I33: 1220 | J33: . | K33: 67880 | M33: 21896 | N33: 16032 | O33: 14745 | P33: 6421 | Q33: 6426 | R33: 1899 | S33: 1322 | T33: . | U33: 68741 | W33: 43834 | X33: 31636 | Y33: 29440 | Z33: 12932 | AA33: 12558 | AB33: 3679 | AC33: 2542 | AD33: . | AE33: 136621
B34: November | C34: 27735 | D34: 20744 | E34: 14370 | F34: 8861 | G34: 7269 | H34: 2216 | I34: 1496 | J34: . | K34: 82691 | M34: 28013 | N34: 21257 | O34: 14597 | P34: 8664 | Q34: 7448 | R34: 2308 | S34: 1502 | T34: . | U34: 83789 | W34: 55748 | X34: 42001 | Y34: 28967 | Z34: 17525 | AA34: 14717 | AB34: 4524 | AC34: 2998 | AD34: . | AE34: 166480
B35: December | C35: 11438 | D35: 8561 | E35: 4541 | F35: 3551 | G35: 2136 | H35: 917 | I35: 432 | J35: . | K35: 31576 | M35: 11600 | N35: 8845 | O35: 4650 | P35: 3427 | Q35: 2036 | R35: 923 | S35: 472 | T35: . | U35: 31953 | W35: 23038 | X35: 17406 | Y35: 9191 | Z35: 6978 | AA35: 4172 | AB35: 1840 | AC35: 904 | AD35: . | AE35: 63529
B36: October-December | C36: 61111 | D36: 44909 | E36: 33606 | F36: 18923 | G36: 15537 | H36: 4913 | I36: 3148 | J36: . | K36: 182147 | M36: 61509 | N36: 46134 | O36: 33992 | P36: 18512 | Q36: 15910 | R36: 5130 | S36: 3296 | T36: . | U36: 184483 | W36: 122620 | X36: 91043 | Y36: 67598 | Z36: 37435 | AA36: 31447 | AB36: 10043 | AC36: 6444 | AD36: . | AE36: 366630
A37: March quarter 2016 | B37: January | C37: 28096 | D37: 21839 | E37: 14515 | F37: 4124 | G37: 6439 | H37: 2332 | I37: 1367 | J37: . | K37: 78712 | M37: 28012 | N37: 22503 | O37: 14796 | P37: 4146 | Q37: 6738 | R37: 2283 | S37: 1450 | T37: . | U37: 79928 | W37: 56108 | X37: 44342 | Y37: 29311 | Z37: 8270 | AA37: 13177 | AB37: 4615 | AC37: 2817 | AD37: . | AE37: 158640
B38: February | C38: 28752 | D38: 19736 | E38: 13302 | F38: 4445 | G38: 5609 | H38: 1476 | I38: 1144 | J38: 3 | K38: 74467 | M38: 28758 | N38: 20098 | O38: 13380 | P38: 4547 | Q38: 5845 | R38: 1358 | S38: 1289 | T38: . | U38: 75275 | W38: 57510 | X38: 39834 | Y38: 26682 | Z38: 8992 | AA38: 11454 | AB38: 2834 | AC38: 2433 | AD38: 3 | AE38: 149742
B39: March | C39: 28199 | D39: 18867 | E39: 15031 | F39: 6424 | G39: 5078 | H39: 1385 | I39: 1072 | J39: 473 | K39: 76529 | M39: 27837 | N39: 18841 | O39: 14681 | P39: 6290 | Q39: 5215 | R39: 1413 | S39: 1096 | T39: 412 | U39: 75785 | W39: 56036 | X39: 37708 | Y39: 29712 | Z39: 12714 | AA39: 10293 | AB39: 2798 | AC39: 2168 | AD39: 885 | AE39: 152314
B40: January-March | C40: 85047 | D40: 60442 | E40: 42848 | F40: 14993 | G40: 17126 | H40: 5193 | I40: 3583 | J40: 476 | K40: 229708 | M40: 84607 | N40: 61442 | O40: 42857 | P40: 14983 | Q40: 17798 | R40: 5054 | S40: 3835 | T40: 412 | U40: 230988 | W40: 169654 | X40: 121884 | Y40: 85705 | Z40: 29976 | AA40: 34924 | AB40: 10247 | AC40: 7418 | AD40: 888 | AE40: 460696
A41: June quarter 2016 | B41: April | C41: 22790 | D41: 18572 | E41: 16537 | F41: 6947 | G41: 5214 | H41: 1521 | I41: 1104 | J41: 1969 | K41: 74654 | M41: 23222 | N41: 18873 | O41: 16065 | P41: 6902 | Q41: 5233 | R41: 1499 | S41: 1161 | T41: 1745 | U41: 74700 | W41: 46012 | X41: 37445 | Y41: 32602 | Z41: 13849 | AA41: 10447 | AB41: 3020 | AC41: 2265 | AD41: 3714 | AE41: 149354
B42: May | C42: 28843 | D42: 21185 | E42: 20554 | F42: 9592 | G42: 6428 | H42: 1835 | I42: 1378 | J42: 2765 | K42: 92580 | M42: 28901 | N42: 21562 | O42: 20346 | P42: 9183 | Q42: 6567 | R42: 1809 | S42: 1512 | T42: 2477 | U42: 92357 | W42: 57744 | X42: 42747 | Y42: 40900 | Z42: 18775 | AA42: 12995 | AB42: 3644 | AC42: 2890 | AD42: 5242 | AE42: 184937
B43: June | C43: 23145 | D43: 16956 | E43: 16398 | F43: 7802 | G43: 5304 | H43: 1444 | I43: 1112 | J43: 768 | K43: 72929 | M43: 23319 | N43: 17409 | O43: 16297 | P43: 7317 | Q43: 5322 | R43: 1353 | S43: 1169 | T43: 632 | U43: 72818 | W43: 46464 | X43: 34365 | Y43: 32695 | Z43: 15119 | AA43: 10626 | AB43: 2797 | AC43: 2281 | AD43: 1400 | AE43: 145747
B44: April-June | C44: 74778 | D44: 56713 | E44: 53489 | F44: 24341 | G44: 16946 | H44: 4800 | I44: 3594 | J44: 5502 | K44: 240163 | M44: 75442 | N44: 57844 | O44: 52708 | P44: 23402 | Q44: 17122 | R44: 4661 | S44: 3842 | T44: 4854 | U44: 239875 | W44: 150220 | X44: 114557 | Y44: 106197 | Z44: 47743 | AA44: 34068 | AB44: 9461 | AC44: 7436 | AD44: 10356 | AE44: 480038
A45: September quarter 2016 | B45: July | C45: 29796 | D45: 22365 | E45: 21100 | F45: 9787 | G45: 7072 | H45: 1889 | I45: 1315 | J45: 683 | K45: 94007 | M45: 30072 | N45: 22793 | O45: 20592 | P45: 9392 | Q45: 7245 | R45: 1978 | S45: 1377 | T45: 642 | U45: 94091 | W45: 59868 | X45: 45158 | Y45: 41692 | Z45: 19179 | AA45: 14317 | AB45: 3867 | AC45: 2692 | AD45: 1325 | AE45: 188098
B46: August | C46: 28058 | D46: 20143 | E46: 16982 | F46: 9392 | G46: 6038 | H46: 1941 | I46: 1213 | J46: 282 | K46: 84049 | M46: 28592 | N46: 20655 | O46: 16693 | P46: 9231 | Q46: 6337 | R46: 2002 | S46: 1337 | T46: 276 | U46: 85123 | W46: 56650 | X46: 40798 | Y46: 33675 | Z46: 18623 | AA46: 12375 | AB46: 3943 | AC46: 2550 | AD46: 558 | AE46: 169172
B47: September | C47: 25149 | D47: 20240 | E47: 16483 | F47: 8608 | G47: 6793 | H47: 2063 | I47: 1149 | J47: 69 | K47: 80554 | M47: 25328 | N47: 20909 | O47: 16616 | P47: 8383 | Q47: 6690 | R47: 2172 | S47: 1184 | T47: 64 | U47: 81346 | W47: 50477 | X47: 41149 | Y47: 33099 | Z47: 16991 | AA47: 13483 | AB47: 4235 | AC47: 2333 | AD47: 133 | AE47: 161900
B48: July-September | C48: 83003 | D48: 62748 | E48: 54565 | F48: 27787 | G48: 19903 | H48: 5893 | I48: 3677 | J48: 1034 | K48: 258610 | M48: 83992 | N48: 64357 | O48: 53901 | P48: 27006 | Q48: 20272 | R48: 6152 | S48: 3898 | T48: 982 | U48: 260560 | W48: 166995 | X48: 127105 | Y48: 108466 | Z48: 54793 | AA48: 40175 | AB48: 12045 | AC48: 7575 | AD48: 2016 | AE48: 519170
A49: December quarter 2016 | B49: October | C49: 30572 | D49: 26195 | E49: 19534 | F49: 12972 | G49: 7387 | H49: 3089 | I49: 1415 | J49: 1 | K49: 101165 | M49: 30923 | N49: 26703 | O49: 19312 | P49: 12840 | Q49: 7680 | R49: 3140 | S49: 1517 | T49: . | U49: 102115 | W49: 61495 | X49: 52898 | Y49: 38846 | Z49: 25812 | AA49: 15067 | AB49: 6229 | AC49: 2932 | AD49: 1 | AE49: 203280
B50: November | C50: 22142 | D50: 18572 | E50: 11318 | F50: 11686 | G50: 5499 | H50: 2639 | I50: 1121 | J50: . | K50: 72977 | M50: 23133 | N50: 19013 | O50: 11393 | P50: 11516 | Q50: 5500 | R50: 2704 | S50: 1104 | T50: . | U50: 74363 | W50: 45275 | X50: 37585 | Y50: 22711 | Z50: 23202 | AA50: 10999 | AB50: 5343 | AC50: 2225 | AD50: . | AE50: 147340
B51: December | C51: 16125 | D51: 13740 | E51: 7703 | F51: 9331 | G51: 3813 | H51: 2168 | I51: 804 | J51: . | K51: 53684 | M51: 16241 | N51: 13907 | O51: 7903 | P51: 9175 | Q51: 3939 | R51: 2022 | S51: 861 | T51: . | U51: 54048 | W51: 32366 | X51: 27647 | Y51: 15606 | Z51: 18506 | AA51: 7752 | AB51: 4190 | AC51: 1665 | AD51: . | AE51: 107732
B52: October-December | C52: 68839 | D52: 58507 | E52: 38555 | F52: 33989 | G52: 16699 | H52: 7896 | I52: 3340 | J52: 1 | K52: 227826 | M52: 70297 | N52: 59623 | O52: 38608 | P52: 33531 | Q52: 17119 | R52: 7866 | S52: 3482 | T52: . | U52: 230526 | W52: 139136 | X52: 118130 | Y52: 77163 | Z52: 67520 | AA52: 33818 | AB52: 15762 | AC52: 6822 | AD52: 1 | AE52: 458352
A53: March quarter 2017 | B53: January | C53: 31748 | D53: 24411 | E53: 15636 | F53: 4480 | G53: 7099 | H53: 2543 | I53: 1637 | J53: . | K53: 87554 | M53: 32168 | N53: 24633 | O53: 16066 | P53: 4522 | Q53: 7320 | R53: 2514 | S53: 1600 | T53: . | U53: 88823 | W53: 63916 | X53: 49044 | Y53: 31702 | Z53: 9002 | AA53: 14419 | AB53: 5057 | AC53: 3237 | AD53: . | AE53: 176377
B54: February | C54: 31432 | D54: 23084 | E54: 16411 | F54: 6698 | G54: 6986 | H54: 2366 | I54: 1447 | J54: 1 | K54: 88425 | M54: 31129 | N54: 23220 | O54: 16643 | P54: 6513 | Q54: 7171 | R54: 2405 | S54: 1543 | T54: 1 | U54: 88625 | W54: 62561 | X54: 46304 | Y54: 33054 | Z54: 13211 | AA54: 14157 | AB54: 4771 | AC54: 2990 | AD54: 2 | AE54: 177050
B55: March | C55: 30147 | D55: 21319 | E55: 17462 | F55: 8298 | G55: 6934 | H55: 2096 | I55: 1402 | J55: 111 | K55: 87769 | M55: 30659 | N55: 21855 | O55: 17844 | P55: 8260 | Q55: 7123 | R55: 2198 | S55: 1446 | T55: 119 | U55: 89504 | W55: 60806 | X55: 43174 | Y55: 35306 | Z55: 16558 | AA55: 14057 | AB55: 4294 | AC55: 2848 | AD55: 230 | AE55: 177273
B56: January-March | C56: 93327 | D56: 68814 | E56: 49509 | F56: 19476 | G56: 21019 | H56: 7005 | I56: 4486 | J56: 112 | K56: 263748 | M56: 93956 | N56: 69708 | O56: 50553 | P56: 19295 | Q56: 21614 | R56: 7117 | S56: 4589 | T56: 120 | U56: 266952 | W56: 187283 | X56: 138522 | Y56: 100062 | Z56: 38771 | AA56: 42633 | AB56: 14122 | AC56: 9075 | AD56: 232 | AE56: 530700
A57: June quarter 2017 | B57: April | C57: 37416 | D57: 24987 | E57: 21499 | F57: 9768 | G57: 8135 | H57: 2388 | I57: 1820 | J57: 3135 | K57: 109148 | M57: 37614 | N57: 25482 | O57: 21535 | P57: 9749 | Q57: 8401 | R57: 2495 | S57: 1798 | T57: 2618 | U57: 109692 | W57: 75030 | X57: 50469 | Y57: 43034 | Z57: 19517 | AA57: 16536 | AB57: 4883 | AC57: 3618 | AD57: 5753 | AE57: 218840
B58: May | C58: 28450 | D58: 19369 | E58: 19270 | F58: 10061 | G58: 6163 | H58: 1848 | I58: 1265 | J58: 2773 | K58: 89199 | M58: 28510 | N58: 19839 | O58: 18988 | P58: 9654 | Q58: 6268 | R58: 1928 | S58: 1390 | T58: 2441 | U58: 89018 | W58: 56960 | X58: 39208 | Y58: 38258 | Z58: 19715 | AA58: 12431 | AB58: 3776 | AC58: 2655 | AD58: 5214 | AE58: 178217
B59: June | C59: 27713 | D59: 19743 | E59: 19477 | F59: 10230 | G59: 6341 | H59: 1942 | I59: 1285 | J59: 1178 | K59: 87909 | M59: 28031 | N59: 20624 | O59: 19188 | P59: 9964 | Q59: 6374 | R59: 1963 | S59: 1352 | T59: 1079 | U59: 88575 | W59: 55744 | X59: 40367 | Y59: 38665 | Z59: 20194 | AA59: 12715 | AB59: 3905 | AC59: 2637 | AD59: 2257 | AE59: 176484
B60: April-June | C60: 93579 | D60: 64099 | E60: 60246 | F60: 30059 | G60: 20639 | H60: 6178 | I60: 4370 | J60: 7086 | K60: 286256 | M60: 94155 | N60: 65945 | O60: 59711 | P60: 29367 | Q60: 21043 | R60: 6386 | S60: 4540 | T60: 6138 | U60: 287285 | W60: 187734 | X60: 130044 | Y60: 119957 | Z60: 59426 | AA60: 41682 | AB60: 12564 | AC60: 8910 | AD60: 13224 | AE60: 573541
A61: September quarter 2017 | B61: July | C61: 36554 | D61: 26448 | E61: 24419 | F61: 12609 | G61: 8306 | H61: 2518 | I61: 1666 | J61: 1004 | K61: 113524 | M61: 36953 | N61: 27237 | O61: 24304 | P61: 12366 | Q61: 8593 | R61: 2594 | S61: 1824 | T61: 924 | U61: 114795 | W61: 73507 | X61: 53685 | Y61: 48723 | Z61: 24975 | AA61: 16899 | AB61: 5112 | AC61: 3490 | AD61: 1928 | AE61: 228319
B62: August | C62: 34298 | D62: 24676 | E62: 22046 | F62: 11892 | G62: 7976 | H62: 2204 | I62: 1446 | J62: 394 | K62: 104932 | M62: 34875 | N62: 25413 | O62: 22246 | P62: 11660 | Q62: 8184 | R62: 2300 | S62: 1428 | T62: 352 | U62: 106458 | W62: 69173 | X62: 50089 | Y62: 44292 | Z62: 23552 | AA62: 16160 | AB62: 4504 | AC62: 2874 | AD62: 746 | AE62: 211390
B63: September | C63: 33827 | D63: 24097 | E63: 21911 | F63: 11758 | G63: 7909 | H63: 2537 | I63: 1417 | J63: 89 | K63: 103545 | M63: 34479 | N63: 24695 | O63: 21740 | P63: 11753 | Q63: 8282 | R63: 2667 | S63: 1416 | T63: 89 | U63: 105121 | W63: 68306 | X63: 48792 | Y63: 43651 | Z63: 23511 | AA63: 16191 | AB63: 5204 | AC63: 2833 | AD63: 178 | AE63: 208666
B64: July-September | C64: 104679 | D64: 75221 | E64: 68376 | F64: 36259 | G64: 24191 | H64: 7259 | I64: 4529 | J64: 1487 | K64: 322001 | M64: 106307 | N64: 77345 | O64: 68290 | P64: 35779 | Q64: 25059 | R64: 7561 | S64: 4668 | T64: 1365 | U64: 326374 | W64: 210986 | X64: 152566 | Y64: 136666 | Z64: 72038 | AA64: 49250 | AB64: 14820 | AC64: 9197 | AD64: 2852 | AE64: 648375
A65: December quarter 2017 | B65: October | C65: 41274 | D65: 31444 | E65: 24430 | F65: 14104 | G65: 10367 | H65: 3418 | I65: 1711 | J65: 1 | K65: 126749 | M65: 41831 | N65: 33025 | O65: 24301 | P65: 14013 | Q65: 10787 | R65: 3308 | S65: 1852 | T65: 1 | U65: 129118 | W65: 83105 | X65: 64469 | Y65: 48731 | Z65: 28117 | AA65: 21154 | AB65: 6726 | AC65: 3563 | AD65: 2 | AE65: 255867
B66: November | C66: 26098 | D66: 23258 | E66: 12538 | F66: 9166 | G66: 6756 | H66: 1908 | I66: 1247 | J66: 2 | K66: 80973 | M66: 26565 | N66: 23826 | O66: 12609 | P66: 8814 | Q66: 6961 | R66: 2018 | S66: 1258 | T66: 2 | U66: 82053 | W66: 52663 | X66: 47084 | Y66: 25147 | Z66: 17980 | AA66: 13717 | AB66: 3926 | AC66: 2505 | AD66: 4 | AE66: 163026
B67: December | C67: 21561 | D67: 20145 | E67: 10270 | F67: 8457 | G67: 6473 | H67: 1855 | I67: 1239 | J67: . | K67: 70000 | M67: 21935 | N67: 20787 | O67: 10739 | P67: 8457 | Q67: 6678 | R67: 1943 | S67: 1324 | T67: 1 | U67: 71864 | W67: 43496 | X67: 40932 | Y67: 21009 | Z67: 16914 | AA67: 13151 | AB67: 3798 | AC67: 2563 | AD67: 1 | AE67: 141864
B68: October-December | C68: 88933 | D68: 74847 | E68: 47238 | F68: 31727 | G68: 23596 | H68: 7181 | I68: 4197 | J68: 3 | K68: 277722 | M68: 90331 | N68: 77638 | O68: 47649 | P68: 31284 | Q68: 24426 | R68: 7269 | S68: 4434 | T68: 4 | U68: 283035 | W68: 179264 | X68: 152485 | Y68: 94887 | Z68: 63011 | AA68: 48022 | AB68: 14450 | AC68: 8631 | AD68: 7 | AE68: 560757
A69: March quarter 2018 | B69: January | C69: 36175 | D69: 30845 | E69: 15234 | F69: 6031 | G69: 9725 | H69: 3087 | I69: 1620 | J69: 1 | K69: 102718 | M69: 36706 | N69: 31870 | O69: 15596 | P69: 5914 | Q69: 10146 | R69: 3179 | S69: 1688 | T69: . | U69: 105099 | W69: 72881 | X69: 62715 | Y69: 30830 | Z69: 11945 | AA69: 19871 | AB69: 6266 | AC69: 3308 | AD69: 1 | AE69: 207817
B70: February | C70: 44453 | D70: 38269 | E70: 16827 | F70: 7074 | G70: 8732 | H70: 3867 | I70: 1772 | J70: . | K70: 120994 | M70: 44914 | N70: 39357 | O70: 17305 | P70: 7242 | Q70: 9022 | R70: 3833 | S70: 1987 | T70: 2 | U70: 123662 | W70: 89367 | X70: 77626 | Y70: 34132 | Z70: 14316 | AA70: 17754 | AB70: 7700 | AC70: 3759 | AD70: 2 | AE70: 244656
B71: March | C71: 41576 | D71: 32280 | E71: 16183 | F71: 7161 | G71: 7226 | H71: 3815 | I71: 1757 | J71: . | K71: 109998 | M71: 42562 | N71: 33362 | O71: 16634 | P71: 7240 | Q71: 7624 | R71: 3806 | S71: 1859 | T71: 1 | U71: 113088 | W71: 84138 | X71: 65642 | Y71: 32817 | Z71: 14401 | AA71: 14850 | AB71: 7621 | AC71: 3616 | AD71: 1 | AE71: 223086
B72: January-March | C72: 122204 | D72: 101394 | E72: 48244 | F72: 20266 | G72: 25683 | H72: 10769 | I72: 5149 | J72: 1 | K72: 333710 | M72: 124182 | N72: 104589 | O72: 49535 | P72: 20396 | Q72: 26792 | R72: 10818 | S72: 5534 | T72: 3 | U72: 341849 | W72: 246386 | X72: 205983 | Y72: 97779 | Z72: 40662 | AA72: 52475 | AB72: 21587 | AC72: 10683 | AD72: 4 | AE72: 675559
A73: June quarter 2018 | B73: April | C73: 42948 | D73: 36075 | E73: 38651 | F73: 18658 | G73: 10524 | H73: 3349 | I73: 2447 | J73: 3625 | K73: 156277 | M73: 44135 | N73: 36542 | O73: 38085 | P73: 18422 | Q73: 10423 | R73: 3503 | S73: 2562 | T73: 3166 | U73: 156838 | W73: 87083 | X73: 72617 | Y73: 76736 | Z73: 37080 | AA73: 20947 | AB73: 6852 | AC73: 5009 | AD73: 6791 | AE73: 313115
B74: May | C74: 34474 | D74: 26061 | E74: 33215 | F74: 16407 | G74: 8412 | H74: 2476 | I74: 2015 | J74: 3781 | K74: 126841 | M74: 34685 | N74: 27115 | O74: 32840 | P74: 15842 | Q74: 8568 | R74: 2486 | S74: 2113 | T74: 3460 | U74: 127109 | W74: 69159 | X74: 53176 | Y74: 66055 | Z74: 32249 | AA74: 16980 | AB74: 4962 | AC74: 4128 | AD74: 7241 | AE74: 253950
B75: June | C75: 34630 | D75: 24694 | E75: 33722 | F75: 16629 | G75: 8354 | H75: 2489 | I75: 1670 | J75: 1884 | K75: 124072 | M75: 34558 | N75: 25358 | O75: 33568 | P75: 16046 | Q75: 8207 | R75: 2599 | S75: 1783 | T75: 1695 | U75: 123814 | W75: 69188 | X75: 50052 | Y75: 67290 | Z75: 32675 | AA75: 16561 | AB75: 5088 | AC75: 3453 | AD75: 3579 | AE75: 247886
B76: April-June | C76: 112052 | D76: 86830 | E76: 105588 | F76: 51694 | G76: 27290 | H76: 8314 | I76: 6132 | J76: 9290 | K76: 407190 | M76: 113378 | N76: 89015 | O76: 104493 | P76: 50310 | Q76: 27198 | R76: 8588 | S76: 6458 | T76: 8321 | U76: 407761 | W76: 225430 | X76: 175845 | Y76: 210081 | Z76: 102004 | AA76: 54488 | AB76: 16902 | AC76: 12590 | AD76: 17611 | AE76: 814951
A77: September quarter 2018 | B77: July | C77: 43434 | D77: 31278 | E77: 34200 | F77: 19423 | G77: 10071 | H77: 3153 | I77: 1944 | J77: 1056 | K77: 144559 | M77: 43929 | N77: 32220 | O77: 34401 | P77: 19157 | Q77: 10240 | R77: 3357 | S77: 1998 | T77: 967 | U77: 146269 | W77: 87363 | X77: 63498 | Y77: 68601 | Z77: 38580 | AA77: 20311 | AB77: 6510 | AC77: 3942 | AD77: 2023 | AE77: 290828
B78: August | C78: 38106 | D78: 25429 | E78: 22643 | F78: 15493 | G78: 7818 | H78: 2457 | I78: 1560 | J78: 549 | K78: 114055 | M78: 39577 | N78: 26485 | O78: 23056 | P78: 15378 | Q78: 7933 | R78: 2654 | S78: 1620 | T78: 537 | U78: 117240 | W78: 77683 | X78: 51914 | Y78: 45699 | Z78: 30871 | AA78: 15751 | AB78: 5111 | AC78: 3180 | AD78: 1086 | AE78: 231295
B79: September | C79: 45861 | D79: 32614 | E79: 26789 | F79: 13340 | G79: 9878 | H79: 3225 | I79: 2014 | J79: 164 | K79: 133885 | M79: 46499 | N79: 33741 | O79: 26890 | P79: 13349 | Q79: 10105 | R79: 3415 | S79: 2109 | T79: 160 | U79: 136268 | W79: 92360 | X79: 66355 | Y79: 53679 | Z79: 26689 | AA79: 19983 | AB79: 6640 | AC79: 4123 | AD79: 324 | AE79: 270153
B80: July-September | C80: 127401 | D80: 89321 | E80: 83632 | F80: 48256 | G80: 27767 | H80: 8835 | I80: 5518 | J80: 1769 | K80: 392499 | M80: 130005 | N80: 92446 | O80: 84347 | P80: 47884 | Q80: 28278 | R80: 9426 | S80: 5727 | T80: 1664 | U80: 399777 | W80: 257406 | X80: 181767 | Y80: 167979 | Z80: 96140 | AA80: 56045 | AB80: 18261 | AC80: 11245 | AD80: 3433 | AE80: 792276
A81: December quarter 2018 | B81: October | C81: 35319 | D81: 28211 | E81: 19483 | F81: 10751 | G81: 8117 | H81: 2730 | I81: 1588 | J81: 4 | K81: 106203 | M81: 35839 | N81: 29156 | O81: 19904 | P81: 10890 | Q81: 8753 | R81: 2850 | S81: 1782 | T81: 10 | U81: 109184 | W81: 71158 | X81: 57367 | Y81: 39387 | Z81: 21641 | AA81: 16870 | AB81: 5580 | AC81: 3370 | AD81: 14 | AE81: 215387
B82: November | C82: 32459 | D82: 26033 | E82: 18777 | F82: 10813 | G82: 7670 | H82: 2725 | I82: 1594 | J82: 1245 | K82: 101316 | M82: 34150 | N82: 27294 | O82: 18951 | P82: 10751 | Q82: 7872 | R82: 2724 | S82: 1647 | T82: 1078 | U82: 104467 | W82: 66609 | X82: 53327 | Y82: 37728 | Z82: 21564 | AA82: 15542 | AB82: 5449 | AC82: 3241 | AD82: 2323 | AE82: 205783
B83: December | C83: 28490 | D83: 23134 | E83: 18081 | F83: 9437 | G83: 7279 | H83: 2357 | I83: 1272 | J83: 2180 | K83: 92230 | M83: 29596 | N83: 24149 | O83: 18079 | P83: 9389 | Q83: 7555 | R83: 2455 | S83: 1420 | T83: 2018 | U83: 94661 | W83: 58086 | X83: 47283 | Y83: 36160 | Z83: 18826 | AA83: 14834 | AB83: 4812 | AC83: 2692 | AD83: 4198 | AE83: 186891
B84: October-December | C84: 96268 | D84: 77378 | E84: 56341 | F84: 31001 | G84: 23066 | H84: 7812 | I84: 4454 | J84: 3429 | K84: 299749 | M84: 99585 | N84: 80599 | O84: 56934 | P84: 31030 | Q84: 24180 | R84: 8029 | S84: 4849 | T84: 3106 | U84: 308312 | W84: 195853 | X84: 157977 | Y84: 113275 | Z84: 62031 | AA84: 47246 | AB84: 15841 | AC84: 9303 | AD84: 6535 | AE84: 608061
A85: March quarter 2019 | B85: January | C85: 39803 | D85: 34295 | E85: 20124 | F85: 7704 | G85: 9794 | H85: 3483 | I85: 1580 | J85: 483 | K85: 117266 | M85: 40306 | N85: 35285 | O85: 20445 | P85: 7500 | Q85: 9983 | R85: 3509 | S85: 1628 | T85: 443 | U85: 119099 | W85: 80109 | X85: 69580 | Y85: 40569 | Z85: 15204 | AA85: 19777 | AB85: 6992 | AC85: 3208 | AD85: 926 | AE85: 236365
B86: February | C86: 44245 | D86: 35001 | E86: 19736 | F86: 6772 | G86: 10110 | H86: 3418 | I86: 1725 | J86: . | K86: 121007 | M86: 44414 | N86: 35574 | O86: 20379 | P86: 6738 | Q86: 10453 | R86: 3607 | S86: 1833 | T86: 2 | U86: 123000 | W86: 88659 | X86: 70575 | Y86: 40115 | Z86: 13510 | AA86: 20563 | AB86: 7025 | AC86: 3558 | AD86: 2 | AE86: 244007
B87: March | C87: 54209 | D87: 39390 | E87: 28125 | F87: 12804 | G87: 11543 | H87: 3961 | I87: 2281 | J87: 325 | K87: 152638 | M87: 55165 | N87: 40242 | O87: 28737 | P87: 12562 | Q87: 11946 | R87: 4090 | S87: 2333 | T87: 300 | U87: 155375 | W87: 109374 | X87: 79632 | Y87: 56862 | Z87: 25366 | AA87: 23489 | AB87: 8051 | AC87: 4614 | AD87: 625 | AE87: 308013
B88: January-March | C88: 138257 | D88: 108686 | E88: 67985 | F88: 27280 | G88: 31447 | H88: 10862 | I88: 5586 | J88: 808 | K88: 390911 | M88: 139885 | N88: 111101 | O88: 69561 | P88: 26800 | Q88: 32382 | R88: 11206 | S88: 5794 | T88: 745 | U88: 397474 | W88: 278142 | X88: 219787 | Y88: 137546 | Z88: 54080 | AA88: 63829 | AB88: 22068 | AC88: 11380 | AD88: 1553 | AE88: 788385
A89: June quarter 2019 | B89: April | C89: 36045 | D89: 30364 | E89: 28655 | F89: 15555 | G89: 9142 | H89: 3001 | I89: 1827 | J89: 2576 | K89: 127165 | M89: 37107 | N89: 31643 | O89: 28796 | P89: 15573 | Q89: 9308 | R89: 2992 | S89: 1922 | T89: 2303 | U89: 129644 | W89: 73152 | X89: 62007 | Y89: 57451 | Z89: 31128 | AA89: 18450 | AB89: 5993 | AC89: 3749 | AD89: 4879 | AE89: 256809
B90: May | C90: 37906 | D90: 29366 | E90: 32191 | F90: 17609 | G90: 9067 | H90: 2786 | I90: 1841 | J90: 2495 | K90: 133261 | M90: 38143 | N90: 29809 | O90: 32035 | P90: 17248 | Q90: 9151 | R90: 2936 | S90: 1836 | T90: 2218 | U90: 133376 | W90: 76049 | X90: 59175 | Y90: 64226 | Z90: 34857 | AA90: 18218 | AB90: 5722 | AC90: 3677 | AD90: 4713 | AE90: 266637
B91: June | C91: 45392 | D91: 33129 | E91: 41449 | F91: 23319 | G91: 10912 | H91: 3443 | I91: 2125 | J91: 1464 | K91: 161233 | M91: 45941 | N91: 34076 | O91: 41495 | P91: 22879 | Q91: 11060 | R91: 3555 | S91: 2296 | T91: 1372 | U91: 162674 | W91: 91333 | X91: 67205 | Y91: 82944 | Z91: 46198 | AA91: 21972 | AB91: 6998 | AC91: 4421 | AD91: 2836 | AE91: 323907
B92: April-June | C92: 119343 | D92: 92859 | E92: 102295 | F92: 56483 | G92: 29121 | H92: 9230 | I92: 5793 | J92: 6535 | K92: 421659 | M92: 121191 | N92: 95528 | O92: 102326 | P92: 55700 | Q92: 29519 | R92: 9483 | S92: 6054 | T92: 5893 | U92: 425694 | W92: 240534 | X92: 188387 | Y92: 204621 | Z92: 112183 | AA92: 58640 | AB92: 18713 | AC92: 11847 | AD92: 12428 | AE92: 847353
A93: September quarter 2019 | B93: July | C93: 40635 | D93: 28374 | E93: 28472 | F93: 18846 | G93: 8773 | H93: 2775 | I93: 1982 | J93: 931 | K93: 130788 | M93: 40902 | N93: 29279 | O93: 29061 | P93: 18785 | Q93: 9035 | R93: 2887 | S93: 2206 | T93: 867 | U93: 133022 | W93: 81537 | X93: 57653 | Y93: 57533 | Z93: 37631 | AA93: 17808 | AB93: 5662 | AC93: 4188 | AD93: 1798 | AE93: 263810
B94: August | C94: 44646 | D94: 31031 | E94: 27892 | F94: 14339 | G94: 9978 | H94: 2901 | I94: 2590 | J94: 755 | K94: 134132 | M94: 45576 | N94: 32158 | O94: 28223 | P94: 14343 | Q94: 10414 | R94: 3127 | S94: 2695 | T94: 608 | U94: 137144 | W94: 90222 | X94: 63189 | Y94: 56115 | Z94: 28682 | AA94: 20392 | AB94: 6028 | AC94: 5285 | AD94: 1363 | AE94: 271276
B95: September | C95: 61068 | D95: 39262 | E95: 35125 | F95: 17770 | G95: 15351 | H95: 3735 | I95: 3717 | J95: 128 | K95: 176156 | M95: 62167 | N95: 40951 | O95: 35582 | P95: 17469 | Q95: 15887 | R95: 3754 | S95: 3883 | T95: 125 | U95: 179818 | W95: 123235 | X95: 80213 | Y95: 70707 | Z95: 35239 | AA95: 31238 | AB95: 7489 | AC95: 7600 | AD95: 253 | AE95: 355974
B96: July-September | C96: 146349 | D96: 98667 | E96: 91489 | F96: 50955 | G96: 34102 | H96: 9411 | I96: 8289 | J96: 1814 | K96: 441076 | M96: 148645 | N96: 102388 | O96: 92866 | P96: 50597 | Q96: 35336 | R96: 9768 | S96: 8784 | T96: 1600 | U96: 449984 | W96: 294994 | X96: 201055 | Y96: 184355 | Z96: 101552 | AA96: 69438 | AB96: 19179 | AC96: 17073 | AD96: 3414 | AE96: 891060
A97: December quarter 2019 | B97: October | C97: 25156 | D97: 16939 | E97: 13283 | F97: 7207 | G97: 6184 | H97: 1468 | I97: 1292 | J97: 4 | K97: 71533 | M97: 25690 | N97: 17742 | O97: 13622 | P97: 7054 | Q97: 6510 | R97: 1563 | S97: 1404 | T97: 4 | U97: 73589 | W97: 50846 | X97: 34681 | Y97: 26905 | Z97: 14261 | AA97: 12694 | AB97: 3031 | AC97: 2696 | AD97: 8 | AE97: 145122
B98: November | C98: 25352 | D98: 18076 | E98: 13090 | F98: 7241 | G98: 6318 | H98: 1538 | I98: 1578 | J98: 35 | K98: 73228 | M98: 25711 | N98: 18284 | O98: 13366 | P98: 7290 | Q98: 6477 | R98: 1485 | S98: 1625 | T98: 34 | U98: 74272 | W98: 51063 | X98: 36360 | Y98: 26456 | Z98: 14531 | AA98: 12795 | AB98: 3023 | AC98: 3203 | AD98: 69 | AE98: 147500
B99: December | C99: 19705 | D99: 16284 | E99: 9563 | F99: 4895 | G99: 5180 | H99: 1258 | I99: 1276 | J99: 44 | K99: 58205 | M99: 20282 | N99: 17004 | O99: 10104 | P99: 4984 | Q99: 5393 | R99: 1265 | S99: 1321 | T99: 37 | U99: 60390 | W99: 39987 | X99: 33288 | Y99: 19667 | Z99: 9879 | AA99: 10573 | AB99: 2523 | AC99: 2597 | AD99: 81 | AE99: 118595
B100: October-December | C100: 70213 | D100: 51299 | E100: 35936 | F100: 19343 | G100: 17682 | H100: 4264 | I100: 4146 | J100: 83 | K100: 202966 | M100: 71683 | N100: 53030 | O100: 37092 | P100: 19328 | Q100: 18380 | R100: 4313 | S100: 4350 | T100: 75 | U100: 208251 | W100: 141896 | X100: 104329 | Y100: 73028 | Z100: 38671 | AA100: 36062 | AB100: 8577 | AC100: 8496 | AD100: 158 | AE100: 411217
...

Sheet NBCSP, Activity-Kits-State
A1: Click to return to TOC
A2: Table 8: Number of complete screening kits returned to the National Bowel Cancer Screening Program, by quarter, month, sex and state/territory, people aged 50–74, January 2014 to March 2023
C3: Males | M3: Females | W3: Persons
A4: Period (quarter) | B4: Month | C4: NSW | D4: VIC | E4: QLD | F4: WA | G4: SA | H4: TAS | I4: ACT | J4: NT | K4: Australia | M4: NSW | N4: VIC | O4: QLD | P4: WA | Q4: SA | R4: TAS | S4: ACT | T4: NT | U4: Australia | W4: NSW | X4: VIC | Y4: QLD | Z4: WA | AA4: SA | AB4: TAS | AC4: ACT | AD4: NT | AE4: Australia
A5: March quarter 2014 | B5: January | C5: 4640 | D5: 3344 | E5: 2537 | F5: 1550 | G5: 1298 | H5: 368 | I5: 258 | J5: 10 | K5: 14005 | M5: 4864 | N5: 3856 | O5: 2592 | P5: 1608 | Q5: 1440 | R5: 441 | S5: 319 | T5: 11 | U5: 15131 | W5: 9503 | X5: 7200 | Y5: 5129 | Z5: 3159 | AA5: 2739 | AB5: 809 | AC5: 576 | AD5: 21 | AE5: 29136
B6: February | C6: 5556 | D6: 4329 | E6: 2888 | F6: 1452 | G6: 1453 | H6: 490 | I6: 283 | J6: 10 | K6: 16461 | M6: 6295 | N6: 5103 | O6: 3305 | P6: 1617 | Q6: 1776 | R6: 594 | S6: 391 | T6: 4 | U6: 19085 | W6: 11850 | X6: 9432 | Y6: 6193 | Z6: 3070 | AA6: 3229 | AB6: 1083 | AC6: 674 | AD6: 15 | AE6: 35546
B7: March | C7: 5460 | D7: 4435 | E7: 3109 | F7: 1214 | G7: 1555 | H7: 480 | I7: 298 | J7: 9 | K7: 16560 | M7: 6498 | N7: 5477 | O7: 3625 | P7: 1397 | Q7: 1873 | R7: 662 | S7: 353 | T7: 6 | U7: 19891 | W7: 11957 | X7: 9912 | Y7: 6735 | Z7: 2611 | AA7: 3427 | AB7: 1142 | AC7: 652 | AD7: 15 | AE7: 36451
B8: January-March | C8: 15656 | D8: 12108 | E8: 8534 | F8: 4216 | G8: 4306 | H8: 1338 | I8: 839 | J8: 29 | K8: 47026 | M8: 17657 | N8: 14436 | O8: 9522 | P8: 4622 | Q8: 5089 | R8: 1697 | S8: 1063 | T8: 21 | U8: 54107 | W8: 33310 | X8: 26544 | Y8: 18057 | Z8: 8840 | AA8: 9395 | AB8: 3034 | AC8: 1902 | AD8: 51 | AE8: 101133
A9: June quarter 2014 | B9: April | C9: 5392 | D9: 4592 | E9: 3006 | F9: 1566 | G9: 1511 | H9: 515 | I9: 332 | J9: 15 | K9: 16929 | M9: 6084 | N9: 5654 | O9: 3425 | P9: 1828 | Q9: 1746 | R9: 586 | S9: 392 | T9: 9 | U9: 19724 | W9: 11476 | X9: 10247 | Y9: 6429 | Z9: 3394 | AA9: 3259 | AB9: 1100 | AC9: 724 | AD9: 24 | AE9: 36653
B10: May | C10: 7994 | D10: 6074 | E10: 4753 | F10: 2335 | G10: 2153 | H10: 624 | I10: 385 | J10: 82 | K10: 24399 | M10: 9015 | N10: 7385 | O10: 5318 | P10: 2611 | Q10: 2628 | R10: 754 | S10: 489 | T10: 72 | U10: 28272 | W10: 17009 | X10: 13459 | Y10: 10070 | Z10: 4947 | AA10: 4781 | AB10: 1377 | AC10: 874 | AD10: 154 | AE10: 52671
B11: June | C11: 7304 | D11: 5918 | E11: 5270 | F11: 2593 | G11: 2405 | H11: 575 | I11: 400 | J11: 321 | K11: 24786 | M11: 8129 | N11: 6881 | O11: 5979 | P11: 2821 | Q11: 2595 | R11: 634 | S11: 448 | T11: 297 | U11: 27784 | W11: 15434 | X11: 12800 | Y11: 11249 | Z11: 5412 | AA11: 5000 | AB11: 1209 | AC11: 848 | AD11: 618 | AE11: 52570
B12: April-June | C12: 20690 | D12: 16584 | E12: 13029 | F12: 6494 | G12: 6069 | H12: 1714 | I12: 1117 | J12: 418 | K12: 66114 | M12: 23228 | N12: 19920 | O12: 14722 | P12: 7260 | Q12: 6969 | R12: 1974 | S12: 1329 | T12: 378 | U12: 75780 | W12: 43919 | X12: 36506 | Y12: 27748 | Z12: 13753 | AA12: 13040 | AB12: 3686 | AC12: 2446 | AD12: 796 | AE12: 141894
A13: September quarter 2014 | B13: July | C13: 7465 | D13: 6186 | E13: 5410 | F13: 2894 | G13: 2453 | H13: 672 | I13: 430 | J13: 429 | K13: 25939 | M13: 8441 | N13: 7268 | O13: 6039 | P13: 3246 | Q13: 2809 | R13: 858 | S13: 483 | T13: 450 | U13: 29594 | W13: 15910 | X13: 13453 | Y13: 11451 | Z13: 6140 | AA13: 5260 | AB13: 1530 | AC13: 913 | AD13: 876 | AE13: 55533
B14: August | C14: 5697 | D14: 4638 | E14: 4360 | F14: 2314 | G14: 1685 | H14: 472 | I14: 308 | J14: 303 | K14: 19777 | M14: 6244 | N14: 5398 | O14: 4502 | P14: 2621 | Q14: 1950 | R14: 624 | S14: 345 | T14: 304 | U14: 21988 | W14: 11942 | X14: 10037 | Y14: 8861 | Z14: 4933 | AA14: 3636 | AB14: 1096 | AC14: 653 | AD14: 607 | AE14: 41765
B15: September | C15: 6776 | D15: 4825 | E15: 4578 | F15: 2708 | G15: 1746 | H15: 572 | I15: 366 | J15: 208 | K15: 21779 | M15: 7851 | N15: 5658 | O15: 5294 | P15: 2911 | Q15: 2031 | R15: 649 | S15: 417 | T15: 195 | U15: 25006 | W15: 14626 | X15: 10485 | Y15: 9870 | Z15: 5619 | AA15: 3777 | AB15: 1221 | AC15: 783 | AD15: 404 | AE15: 46785
B16: July-September | C16: 19938 | D16: 15649 | E16: 14348 | F16: 7916 | G16: 5884 | H16: 1716 | I16: 1104 | J16: 940 | K16: 67495 | M16: 22536 | N16: 18324 | O16: 15835 | P16: 8778 | Q16: 6790 | R16: 2131 | S16: 1245 | T16: 949 | U16: 76588 | W16: 42478 | X16: 33975 | Y16: 30182 | Z16: 16692 | AA16: 12673 | AB16: 3847 | AC16: 2349 | AD16: 1887 | AE16: 144083
A17: December quarter 2014 | B17: October | C17: 5845 | D17: 4645 | E17: 3881 | F17: 2111 | G17: 1704 | H17: 474 | I17: 331 | J17: 66 | K17: 19057 | M17: 6803 | N17: 5740 | O17: 4271 | P17: 2312 | Q17: 2100 | R17: 669 | S17: 340 | T17: 79 | U17: 22314 | W17: 12648 | X17: 10386 | Y17: 8152 | Z17: 4423 | AA17: 3804 | AB17: 1143 | AC17: 670 | AD17: 145 | AE17: 41371
B18: November | C18: 4514 | D18: 3765 | E18: 2937 | F18: 1611 | G18: 1590 | H18: 419 | I18: 274 | J18: 28 | K18: 15138 | M18: 5285 | N18: 4550 | O18: 3206 | P18: 1795 | Q18: 1912 | R18: 601 | S18: 301 | T18: 40 | U18: 17690 | W18: 9799 | X18: 8315 | Y18: 6143 | Z18: 3405 | AA18: 3503 | AB18: 1020 | AC18: 575 | AD18: 68 | AE18: 32828
B19: December | C19: 4008 | D19: 3651 | E19: 2442 | F19: 1588 | G19: 1272 | H19: 444 | I19: 230 | J19: 9 | K19: 13644 | M19: 4534 | N19: 4124 | O19: 2809 | P19: 1771 | Q19: 1411 | R19: 489 | S19: 234 | T19: 16 | U19: 15388 | W19: 8542 | X19: 7776 | Y19: 5251 | Z19: 3359 | AA19: 2683 | AB19: 932 | AC19: 464 | AD19: 25 | AE19: 29032
B20: October-December | C20: 14367 | D20: 12061 | E20: 9260 | F20: 5310 | G20: 4566 | H20: 1337 | I20: 835 | J20: 103 | K20: 47839 | M20: 16622 | N20: 14414 | O20: 10286 | P20: 5878 | Q20: 5423 | R20: 1759 | S20: 875 | T20: 135 | U20: 55392 | W20: 30989 | X20: 26477 | Y20: 19546 | Z20: 11187 | AA20: 9990 | AB20: 3095 | AC20: 1709 | AD20: 238 | AE20: 103231
A21: March quarter 2015 | B21: January | C21: 2640 | D21: 2641 | E21: 1675 | F21: 1027 | G21: 1004 | H21: 281 | I21: 157 | J21: 11 | K21: 9436 | M21: 3058 | N21: 3206 | O21: 1873 | P21: 1165 | Q21: 1149 | R21: 337 | S21: 184 | T21: 17 | U21: 10989 | W21: 5698 | X21: 5847 | Y21: 3548 | Z21: 2192 | AA21: 2153 | AB21: 618 | AC21: 341 | AD21: 28 | AE21: 20425
B22: February | C22: 5769 | D22: 5071 | E22: 2812 | F22: 1420 | G22: 1316 | H22: 565 | I22: 366 | J22: 6 | K22: 17325 | M22: 6839 | N22: 5918 | O22: 3223 | P22: 1527 | Q22: 1632 | R22: 645 | S22: 386 | T22: 7 | U22: 20177 | W22: 12608 | X22: 10989 | Y22: 6034 | Z22: 2948 | AA22: 2948 | AB22: 1210 | AC22: 752 | AD22: 13 | AE22: 37502
B23: March | C23: 6159 | D23: 5164 | E23: 3375 | F23: 1473 | G23: 1933 | H23: 647 | I23: 309 | J23: 5 | K23: 19065 | M23: 7124 | N23: 6038 | O23: 3710 | P23: 1672 | Q23: 2155 | R23: 675 | S23: 347 | T23: 12 | U23: 21733 | W23: 13283 | X23: 11202 | Y23: 7086 | Z23: 3145 | AA23: 4088 | AB23: 1322 | AC23: 656 | AD23: 16 | AE23: 40798
B24: January-March | C24: 14568 | D24: 12876 | E24: 7862 | F24: 3920 | G24: 4253 | H24: 1493 | I24: 832 | J24: 22 | K24: 45826 | M24: 17021 | N24: 15162 | O24: 8806 | P24: 4364 | Q24: 4936 | R24: 1657 | S24: 917 | T24: 36 | U24: 52899 | W24: 31589 | X24: 28038 | Y24: 16668 | Z24: 8285 | AA24: 9189 | AB24: 3150 | AC24: 1749 | AD24: 57 | AE24: 98725
A25: June quarter 2015 | B25: April | C25: 6759 | D25: 5978 | E25: 3868 | F25: 1679 | G25: 1898 | H25: 584 | I25: 455 | J25: 11 | K25: 21232 | M25: 7321 | N25: 6703 | O25: 4084 | P25: 1931 | Q25: 2119 | R25: 703 | S25: 469 | T25: 19 | U25: 23349 | W25: 14079 | X25: 12681 | Y25: 7952 | Z25: 3610 | AA25: 4018 | AB25: 1287 | AC25: 924 | AD25: 30 | AE25: 44581
B26: May | C26: 7974 | D26: 6140 | E26: 5048 | F26: 2412 | G26: 2314 | H26: 703 | I26: 408 | J26: 183 | K26: 25182 | M26: 8801 | N26: 6995 | O26: 5317 | P26: 2579 | Q26: 2606 | R26: 879 | S26: 439 | T26: 197 | U26: 27813 | W26: 16775 | X26: 13134 | Y26: 10363 | Z26: 4991 | AA26: 4920 | AB26: 1584 | AC26: 848 | AD26: 380 | AE26: 52995
B27: June | C27: 7126 | D27: 5987 | E27: 4586 | F27: 2462 | G27: 2004 | H27: 636 | I27: 393 | J27: 313 | K27: 23508 | M27: 7539 | N27: 6442 | O27: 4828 | P27: 2691 | Q27: 2255 | R27: 691 | S27: 432 | T27: 351 | U27: 25229 | W27: 14665 | X27: 12428 | Y27: 9416 | Z27: 5153 | AA27: 4259 | AB27: 1327 | AC27: 825 | AD27: 664 | AE27: 48737
B28: April-June | C28: 21859 | D28: 18105 | E28: 13502 | F28: 6553 | G28: 6216 | H28: 1923 | I28: 1256 | J28: 507 | K28: 69922 | M28: 23661 | N28: 20140 | O28: 14229 | P28: 7201 | Q28: 6980 | R28: 2273 | S28: 1340 | T28: 567 | U28: 76391 | W28: 45519 | X28: 38243 | Y28: 27731 | Z28: 13754 | AA28: 13197 | AB28: 4198 | AC28: 2597 | AD28: 1074 | AE28: 146313
A29: September quarter 2015 | B29: July | C29: 8215 | D29: 6442 | E29: 5484 | F29: 3261 | G29: 2616 | H29: 721 | I29: 399 | J29: 365 | K29: 27503 | M29: 9013 | N29: 7353 | O29: 5999 | P29: 3440 | Q29: 2783 | R29: 830 | S29: 499 | T29: 366 | U29: 30283 | W29: 17228 | X29: 13794 | Y29: 11483 | Z29: 6701 | AA29: 5399 | AB29: 1551 | AC29: 898 | AD29: 732 | AE29: 57786
B30: August | C30: 5895 | D30: 4662 | E30: 4340 | F30: 2550 | G30: 1799 | H30: 532 | I30: 303 | J30: 237 | K30: 20317 | M30: 6360 | N30: 5487 | O30: 4827 | P30: 2685 | Q30: 1973 | R30: 547 | S30: 339 | T30: 187 | U30: 22405 | W30: 12255 | X30: 10149 | Y30: 9168 | Z30: 5234 | AA30: 3772 | AB30: 1079 | AC30: 641 | AD30: 424 | AE30: 42722
B31: September | C31: 3240 | D31: 2963 | E31: 2283 | F31: 1293 | G31: 932 | H31: 283 | I31: 167 | J31: 127 | K31: 11288 | M31: 3325 | N31: 3275 | O31: 2498 | P31: 1368 | Q31: 1096 | R31: 368 | S31: 160 | T31: 102 | U31: 12192 | W31: 6565 | X31: 6238 | Y31: 4782 | Z31: 2661 | AA31: 2028 | AB31: 651 | AC31: 326 | AD31: 229 | AE31: 23480
B32: July-September | C32: 17350 | D32: 14067 | E32: 12107 | F32: 7104 | G32: 5347 | H32: 1536 | I32: 869 | J32: 729 | K32: 59108 | M32: 18698 | N32: 16115 | O32: 13324 | P32: 7493 | Q32: 5852 | R32: 1745 | S32: 998 | T32: 655 | U32: 64880 | W32: 36048 | X32: 30181 | Y32: 25433 | Z32: 14596 | AA32: 11199 | AB32: 3281 | AC32: 1865 | AD32: 1385 | AE32: 123988
A33: December quarter 2015 | B33: October | C33: 5940 | D33: 4767 | E33: 4402 | F33: 2258 | G33: 1743 | H33: 492 | I33: 330 | J33: 108 | K33: 20040 | M33: 6706 | N33: 5725 | O33: 4716 | P33: 2565 | Q33: 2055 | R33: 586 | S33: 412 | T33: 85 | U33: 22850 | W33: 12646 | X33: 10493 | Y33: 9119 | Z33: 4823 | AA33: 3798 | AB33: 1078 | AC33: 741 | AD33: 192 | AE33: 42890
B34: November | C34: 6069 | D34: 5170 | E34: 3884 | F34: 2037 | G34: 1994 | H34: 527 | I34: 340 | J34: 56 | K34: 20077 | M34: 6891 | N34: 5940 | O34: 4514 | P34: 2273 | Q34: 2336 | R34: 597 | S34: 422 | T34: 50 | U34: 23023 | W34: 12959 | X34: 11110 | Y34: 8397 | Z34: 4312 | AA34: 4330 | AB34: 1124 | AC34: 762 | AD34: 106 | AE34: 43100
B35: December | C35: 5963 | D35: 4677 | E35: 3895 | F35: 2520 | G35: 1743 | H35: 636 | I35: 339 | J35: 20 | K35: 19793 | M35: 6375 | N35: 5124 | O35: 4152 | P35: 2704 | Q35: 1982 | R35: 731 | S35: 343 | T35: 21 | U35: 21432 | W35: 12338 | X35: 9801 | Y35: 8047 | Z35: 5224 | AA35: 3725 | AB35: 1367 | AC35: 682 | AD35: 41 | AE35: 41225
B36: October-December | C36: 17972 | D36: 14614 | E36: 12181 | F36: 6815 | G36: 5480 | H36: 1655 | I36: 1009 | J36: 184 | K36: 59910 | M36: 19972 | N36: 16789 | O36: 13382 | P36: 7542 | Q36: 6373 | R36: 1914 | S36: 1177 | T36: 156 | U36: 67305 | W36: 37943 | X36: 31404 | Y36: 25563 | Z36: 14359 | AA36: 11853 | AB36: 3569 | AC36: 2185 | AD36: 339 | AE36: 127215
A37: March quarter 2016 | B37: January | C37: 5390 | D37: 4786 | E37: 3167 | F37: 1956 | G37: 1652 | H37: 534 | I37: 325 | J37: 16 | K37: 17826 | M37: 5858 | N37: 5480 | O37: 3308 | P37: 2092 | Q37: 1854 | R37: 583 | S37: 382 | T37: 11 | U37: 19568 | W37: 11247 | X37: 10266 | Y37: 6475 | Z37: 4047 | AA37: 3507 | AB37: 1118 | AC37: 707 | AD37: 27 | AE37: 37394
B38: February | C38: 8477 | D38: 7381 | E38: 5087 | F38: 2163 | G38: 2684 | H38: 939 | I38: 422 | J38: 14 | K38: 27167 | M38: 9313 | N38: 8389 | O38: 5697 | P38: 2275 | Q38: 3081 | R38: 1021 | S38: 478 | T38: 13 | U38: 30267 | W38: 17791 | X38: 15769 | Y38: 10785 | Z38: 4437 | AA38: 5765 | AB38: 1960 | AC38: 900 | AD38: 27 | AE38: 57434
B39: March | C39: 9257 | D39: 6753 | E39: 4165 | F39: 2142 | G39: 2172 | H39: 588 | I39: 458 | J39: 11 | K39: 25546 | M39: 9736 | N39: 7433 | O39: 4656 | P39: 2226 | Q39: 2435 | R39: 691 | S39: 527 | T39: 12 | U39: 27716 | W39: 18993 | X39: 14186 | Y39: 8821 | Z39: 4368 | AA39: 4607 | AB39: 1279 | AC39: 985 | AD39: 23 | AE39: 53262
B40: January-March | C40: 23124 | D40: 18920 | E40: 12419 | F40: 6261 | G40: 6508 | H40: 2061 | I40: 1205 | J40: 41 | K40: 70539 | M40: 24907 | N40: 21302 | O40: 13661 | P40: 6593 | Q40: 7370 | R40: 2295 | S40: 1387 | T40: 36 | U40: 77551 | W40: 48031 | X40: 40221 | Y40: 26081 | Z40: 12852 | AA40: 13879 | AB40: 4357 | AC40: 2592 | AD40: 77 | AE40: 148090
A41: June quarter 2016 | B41: April | C41: 9671 | D41: 7838 | E41: 4784 | F41: 1994 | G41: 2319 | H41: 671 | I41: 468 | J41: 49 | K41: 27794 | M41: 10735 | N41: 8750 | O41: 5393 | P41: 2184 | Q41: 2706 | R41: 728 | S41: 503 | T41: 49 | U41: 31048 | W41: 20408 | X41: 16588 | Y41: 10175 | Z41: 4177 | AA41: 5025 | AB41: 1400 | AC41: 971 | AD41: 98 | AE41: 58842
B42: May | C42: 11175 | D42: 8998 | E42: 7044 | F42: 3026 | G42: 2913 | H42: 839 | I42: 572 | J42: 334 | K42: 34901 | M42: 12140 | N42: 9858 | O42: 7567 | P42: 3274 | Q42: 3346 | R42: 1007 | S42: 611 | T42: 287 | U42: 38090 | W42: 23314 | X42: 18857 | Y42: 14611 | Z42: 6300 | AA42: 6259 | AB42: 1846 | AC42: 1183 | AD42: 621 | AE42: 72991
B43: June | C43: 10227 | D43: 8286 | E43: 6520 | F43: 3153 | G43: 2486 | H43: 739 | I43: 545 | J43: 465 | K43: 32421 | M43: 10926 | N43: 9321 | O43: 6796 | P43: 3301 | Q43: 2692 | R43: 756 | S43: 630 | T43: 452 | U43: 34874 | W43: 21153 | X43: 17607 | Y43: 13317 | Z43: 6454 | AA43: 5177 | AB43: 1496 | AC43: 1175 | AD43: 916 | AE43: 67295
B44: April-June | C44: 31073 | D44: 25122 | E44: 18348 | F44: 8173 | G44: 7718 | H44: 2249 | I44: 1585 | J44: 848 | K44: 95116 | M44: 33801 | N44: 27929 | O44: 19756 | P44: 8759 | Q44: 8744 | R44: 2491 | S44: 1744 | T44: 788 | U44: 104012 | W44: 64875 | X44: 53052 | Y44: 38103 | Z44: 16931 | AA44: 16461 | AB44: 4742 | AC44: 3329 | AD44: 1635 | AE44: 199128
A45: September quarter 2016 | B45: July | C45: 9215 | D45: 7164 | E45: 6441 | F45: 3134 | G45: 2374 | H45: 666 | I45: 459 | J45: 353 | K45: 29807 | M45: 10206 | N45: 8385 | O45: 6966 | P45: 3101 | Q45: 2575 | R45: 729 | S45: 574 | T45: 304 | U45: 32840 | W45: 19421 | X45: 15548 | Y45: 13407 | Z45: 6236 | AA45: 4949 | AB45: 1395 | AC45: 1033 | AD45: 658 | AE45: 62647
B46: August | C46: 9850 | D46: 8022 | E46: 7362 | F46: 3411 | G46: 2834 | H46: 748 | I46: 515 | J46: 271 | K46: 33013 | M46: 10896 | N46: 8944 | O46: 8027 | P46: 3717 | Q46: 3146 | R46: 847 | S46: 600 | T46: 286 | U46: 36463 | W46: 20746 | X46: 16967 | Y46: 15388 | Z46: 7128 | AA46: 5979 | AB46: 1596 | AC46: 1115 | AD46: 557 | AE46: 69476
B47: September | C47: 10068 | D47: 8008 | E47: 6887 | F47: 3548 | G47: 2796 | H47: 817 | I47: 460 | J47: 168 | K47: 32752 | M47: 10881 | N47: 9041 | O47: 7112 | P47: 3820 | Q47: 2986 | R47: 884 | S47: 518 | T47: 145 | U47: 35387 | W47: 20950 | X47: 17049 | Y47: 13996 | Z47: 7367 | AA47: 5783 | AB47: 1701 | AC47: 979 | AD47: 314 | AE47: 68139
B48: July-September | C48: 29133 | D48: 23194 | E48: 20690 | F48: 10093 | G48: 8004 | H48: 2231 | I48: 1434 | J48: 792 | K48: 95572 | M48: 31983 | N48: 26370 | O48: 22105 | P48: 10638 | Q48: 8707 | R48: 2460 | S48: 1692 | T48: 735 | U48: 104690 | W48: 61117 | X48: 49564 | Y48: 42791 | Z48: 20731 | AA48: 16711 | AB48: 4692 | AC48: 3127 | AD48: 1529 | AE48: 200262
A49: December quarter 2016 | B49: October | C49: 8590 | D49: 7671 | E49: 6967 | F49: 3111 | G49: 2701 | H49: 821 | I49: 469 | J49: 100 | K49: 30429 | M49: 9369 | N49: 8731 | O49: 7272 | P49: 3391 | Q49: 3047 | R49: 980 | S49: 560 | T49: 84 | U49: 33434 | W49: 17959 | X49: 16402 | Y49: 14241 | Z49: 6502 | AA49: 5748 | AB49: 1801 | AC49: 1027 | AD49: 183 | AE49: 63863
B50: November | C50: 10038 | D50: 9017 | E50: 7782 | F50: 4735 | G50: 2931 | H50: 1050 | I50: 486 | J50: 57 | K50: 36096 | M50: 11055 | N50: 9919 | O50: 8101 | P50: 5084 | Q50: 3351 | R50: 1169 | S50: 577 | T50: 63 | U50: 39319 | W50: 21094 | X50: 18935 | Y50: 15884 | Z50: 9819 | AA50: 6281 | AB50: 2219 | AC50: 1063 | AD50: 120 | AE50: 75415
B51: December | C51: 7685 | D51: 6789 | E51: 4796 | F51: 4400 | G51: 2251 | H51: 990 | I51: 449 | J51: 32 | K51: 27392 | M51: 8219 | N51: 7495 | O51: 4865 | P51: 4400 | Q51: 2448 | R51: 1082 | S51: 429 | T51: 22 | U51: 28960 | W51: 15905 | X51: 14284 | Y51: 9660 | Z51: 8800 | AA51: 4699 | AB51: 2072 | AC51: 878 | AD51: 54 | AE51: 56352
B52: October-December | C52: 26313 | D52: 23477 | E52: 19545 | F52: 12246 | G52: 7883 | H52: 2861 | I52: 1404 | J52: 189 | K52: 93917 | M52: 28643 | N52: 26145 | O52: 20238 | P52: 12875 | Q52: 8846 | R52: 3231 | S52: 1566 | T52: 169 | U52: 101713 | W52: 54958 | X52: 49621 | Y52: 39785 | Z52: 25121 | AA52: 16728 | AB52: 6092 | AC52: 2968 | AD52: 357 | AE52: 195630
A53: March quarter 2017 | B53: January | C53: 6962 | D53: 6248 | E53: 4203 | F53: 3645 | G53: 2019 | H53: 860 | I53: 356 | J53: 7 | K53: 24300 | M53: 7415 | N53: 7249 | O53: 4494 | P53: 4058 | Q53: 2352 | R53: 917 | S53: 366 | T53: 19 | U53: 26870 | W53: 14376 | X53: 13497 | Y53: 8698 | Z53: 7703 | AA53: 4371 | AB53: 1777 | AC53: 722 | AD53: 26 | AE53: 51170
B54: February | C54: 9544 | D54: 8849 | E54: 5364 | F54: 3378 | G54: 2723 | H54: 1151 | I54: 551 | J54: 11 | K54: 31571 | M54: 10314 | N54: 10031 | O54: 5843 | P54: 3521 | Q54: 3044 | R54: 1207 | S54: 551 | T54: 19 | U54: 34530 | W54: 19857 | X54: 18880 | Y54: 11208 | Z54: 6899 | AA54: 5767 | AB54: 2358 | AC54: 1102 | AD54: 30 | AE54: 66101
B55: March | C55: 11694 | D55: 8643 | E55: 5753 | F55: 3415 | G55: 2762 | H55: 1042 | I55: 668 | J55: 8 | K55: 33985 | M55: 12919 | N55: 9690 | O55: 6472 | P55: 3755 | Q55: 3107 | R55: 1129 | S55: 808 | T55: 15 | U55: 37895 | W55: 24613 | X55: 18332 | Y55: 12226 | Z55: 7168 | AA55: 5870 | AB55: 2172 | AC55: 1476 | AD55: 23 | AE55: 71880
B56: January-March | C56: 28200 | D56: 23740 | E56: 15320 | F56: 10438 | G56: 7504 | H56: 3053 | I56: 1575 | J56: 26 | K56: 89856 | M56: 30648 | N56: 26970 | O56: 16809 | P56: 11334 | Q56: 8503 | R56: 3253 | S56: 1725 | T56: 53 | U56: 99295 | W56: 58846 | X56: 50709 | Y56: 32132 | Z56: 21770 | AA56: 16008 | AB56: 6307 | AC56: 3300 | AD56: 79 | AE56: 189151
A57: June quarter 2017 | B57: April | C57: 8658 | D57: 7521 | E57: 4789 | F57: 2640 | G57: 2544 | H57: 761 | I57: 523 | J57: 39 | K57: 27475 | M57: 9318 | N57: 8275 | O57: 5193 | P57: 2731 | Q57: 2833 | R57: 797 | S57: 548 | T57: 40 | U57: 29735 | W57: 17978 | X57: 15796 | Y57: 9982 | Z57: 5369 | AA57: 5377 | AB57: 1558 | AC57: 1071 | AD57: 79 | AE57: 57210
B58: May | C58: 12411 | D58: 9625 | E58: 7594 | F58: 3531 | G58: 3405 | H58: 1245 | I58: 651 | J58: 363 | K58: 38824 | M58: 13644 | N58: 10843 | O58: 8446 | P58: 3862 | Q58: 3831 | R58: 1349 | S58: 715 | T58: 299 | U58: 42989 | W58: 26056 | X58: 20468 | Y58: 16038 | Z58: 7394 | AA58: 7236 | AB58: 2594 | AC58: 1366 | AD58: 661 | AE58: 81813
B59: June | C59: 12449 | D59: 9405 | E59: 8122 | F59: 4362 | G59: 3254 | H59: 1116 | I59: 695 | J59: 571 | K59: 39974 | M59: 13394 | N59: 10517 | O59: 8526 | P59: 4586 | Q59: 3593 | R59: 1250 | S59: 735 | T59: 539 | U59: 43140 | W59: 25841 | X59: 19923 | Y59: 16650 | Z59: 8947 | AA59: 6848 | AB59: 2365 | AC59: 1430 | AD59: 1110 | AE59: 83114
B60: April-June | C60: 33518 | D60: 26551 | E60: 20505 | F60: 10533 | G60: 9203 | H60: 3122 | I60: 1869 | J60: 973 | K60: 106273 | M60: 36356 | N60: 29635 | O60: 22165 | P60: 11179 | Q60: 10257 | R60: 3396 | S60: 1998 | T60: 878 | U60: 115864 | W60: 69875 | X60: 56187 | Y60: 42670 | Z60: 21710 | AA60: 19461 | AB60: 6517 | AC60: 3867 | AD60: 1850 | AE60: 222137
A61: September quarter 2017 | B61: July | C61: 9884 | D61: 8035 | E61: 6907 | F61: 3815 | G61: 2917 | H61: 787 | I61: 538 | J61: 369 | K61: 33252 | M61: 10906 | N61: 9106 | O61: 7490 | P61: 4024 | Q61: 3157 | R61: 870 | S61: 611 | T61: 380 | U61: 36544 | W61: 20790 | X61: 17140 | Y61: 14395 | Z61: 7841 | AA61: 6075 | AB61: 1657 | AC61: 1149 | AD61: 749 | AE61: 69796
B62: August | C62: 12572 | D62: 12400 | E62: 8407 | F62: 4460 | G62: 3290 | H62: 1009 | I62: 639 | J62: 363 | K62: 43140 | M62: 13730 | N62: 14028 | O62: 9234 | P62: 4796 | Q62: 3838 | R62: 1159 | S62: 717 | T62: 341 | U62: 47843 | W62: 26305 | X62: 26428 | Y62: 17639 | Z62: 9256 | AA62: 7129 | AB62: 2166 | AC62: 1356 | AD62: 704 | AE62: 90983
B63: September | C63: 11569 | D63: 11221 | E63: 7883 | F63: 4151 | G63: 3270 | H63: 963 | I63: 586 | J63: 254 | K63: 39896 | M63: 12962 | N63: 12734 | O63: 8567 | P63: 4604 | Q63: 3878 | R63: 1094 | S63: 707 | T63: 254 | U63: 44800 | W63: 24531 | X63: 23953 | Y63: 16449 | Z63: 8755 | AA63: 7149 | AB63: 2057 | AC63: 1294 | AD63: 508 | AE63: 84696
B64: July-September | C64: 34025 | D64: 31656 | E64: 23197 | F64: 12426 | G64: 9477 | H64: 2759 | I64: 1763 | J64: 986 | K64: 116288 | M64: 37598 | N64: 35868 | O64: 25291 | P64: 13424 | Q64: 10873 | R64: 3123 | S64: 2035 | T64: 975 | U64: 129187 | W64: 71626 | X64: 67521 | Y64: 48483 | Z64: 25852 | AA64: 20353 | AB64: 5880 | AC64: 3799 | AD64: 1961 | AE64: 245475
A65: December quarter 2017 | B65: October | C65: 12302 | D65: 10341 | E65: 10271 | F65: 5341 | G65: 3474 | H65: 1132 | I65: 614 | J65: 135 | K65: 43610 | M65: 13833 | N65: 12134 | O65: 10577 | P65: 5848 | Q65: 4211 | R65: 1350 | S65: 681 | T65: 152 | U65: 48786 | W65: 26134 | X65: 22477 | Y65: 20848 | Z65: 11189 | AA65: 7685 | AB65: 2481 | AC65: 1295 | AD65: 287 | AE65: 92396
B66: November | C66: 12605 | D66: 10134 | E66: 8289 | F66: 4433 | G66: 3573 | H66: 1119 | I66: 616 | J66: 76 | K66: 40845 | M66: 14009 | N66: 11768 | O66: 8992 | P66: 4978 | Q66: 4079 | R66: 1319 | S66: 730 | T66: 63 | U66: 45938 | W66: 26615 | X66: 21902 | Y66: 17280 | Z66: 9411 | AA66: 7652 | AB66: 2438 | AC66: 1346 | AD66: 139 | AE66: 86783
B67: December | C67: 8186 | D67: 7378 | E67: 5383 | F67: 3828 | G67: 2479 | H67: 759 | I67: 437 | J67: 32 | K67: 28482 | M67: 8792 | N67: 8148 | O67: 5621 | P67: 3876 | Q67: 2766 | R67: 867 | S67: 464 | T67: 32 | U67: 30566 | W67: 16978 | X67: 15526 | Y67: 11003 | Z67: 7704 | AA67: 5246 | AB67: 1626 | AC67: 901 | AD67: 64 | AE67: 59048
B68: October-December | C68: 33093 | D68: 27853 | E68: 23943 | F68: 13602 | G68: 9526 | H68: 3010 | I68: 1667 | J68: 243 | K68: 112937 | M68: 36634 | N68: 32050 | O68: 25190 | P68: 14702 | Q68: 11056 | R68: 3536 | S68: 1875 | T68: 247 | U68: 125290 | W68: 69727 | X68: 59905 | Y68: 49131 | Z68: 28304 | AA68: 20583 | AB68: 6545 | AC68: 3542 | AD68: 490 | AE68: 238227
A69: March quarter 2018 | B69: January | C69: 8386 | D69: 7945 | E69: 5165 | F69: 3940 | G69: 2655 | H69: 805 | I69: 470 | J69: 31 | K69: 29397 | M69: 9036 | N69: 9066 | O69: 5497 | P69: 4341 | Q69: 2995 | R69: 944 | S69: 502 | T69: 26 | U69: 32407 | W69: 17421 | X69: 17013 | Y69: 10662 | Z69: 8280 | AA69: 5650 | AB69: 1748 | AC69: 972 | AD69: 58 | AE69: 61804
B70: February | C70: 13103 | D70: 12465 | E70: 6574 | F70: 3932 | G70: 4458 | H70: 1407 | I70: 673 | J70: 24 | K70: 42636 | M70: 15034 | N70: 14958 | O70: 7488 | P70: 4352 | Q70: 5354 | R70: 1598 | S70: 758 | T70: 19 | U70: 49561 | W70: 28136 | X70: 27422 | Y70: 14063 | Z70: 8285 | AA70: 9812 | AB70: 3005 | AC70: 1431 | AD70: 43 | AE70: 92197
B71: March | C71: 15064 | D71: 12923 | E71: 6614 | F71: 3300 | G71: 3742 | H71: 1461 | I71: 701 | J71: 12 | K71: 43818 | M71: 16842 | N71: 15443 | O71: 7500 | P71: 3793 | Q71: 4426 | R71: 1667 | S71: 865 | T71: 13 | U71: 50549 | W71: 31906 | X71: 28368 | Y71: 14113 | Z71: 7093 | AA71: 8169 | AB71: 3128 | AC71: 1565 | AD71: 25 | AE71: 94367
B72: January-March | C72: 36553 | D72: 33333 | E72: 18353 | F72: 11172 | G72: 10855 | H72: 3673 | I72: 1844 | J72: 67 | K72: 115851 | M72: 40912 | N72: 39467 | O72: 20485 | P72: 12486 | Q72: 12775 | R72: 4209 | S72: 2125 | T72: 58 | U72: 132517 | W72: 77463 | X72: 72803 | Y72: 38838 | Z72: 23658 | AA72: 23631 | AB72: 7881 | AC72: 3968 | AD72: 126 | AE72: 248368
A73: June quarter 2018 | B73: April | C73: 14102 | D73: 12562 | E73: 6284 | F73: 3743 | G73: 3551 | H73: 1456 | I73: 695 | J73: 89 | K73: 42482 | M73: 15693 | N73: 14667 | O73: 7330 | P73: 4265 | Q73: 4063 | R73: 1637 | S73: 900 | T73: 80 | U73: 48635 | W73: 29794 | X73: 27229 | Y73: 13614 | Z73: 8009 | AA73: 7614 | AB73: 3093 | AC73: 1595 | AD73: 169 | AE73: 91117
B74: May | C74: 19527 | D74: 15937 | E74: 11609 | F74: 6557 | G74: 4516 | H74: 1695 | I74: 1070 | J74: 540 | K74: 61452 | M74: 21862 | N74: 18514 | O74: 12975 | P74: 7030 | Q74: 5217 | R74: 1885 | S74: 1186 | T74: 497 | U74: 69166 | W74: 41391 | X74: 34450 | Y74: 24584 | Z74: 13588 | AA74: 9733 | AB74: 3580 | AC74: 2256 | AD74: 1036 | AE74: 130618
B75: June | C75: 16782 | D75: 13909 | E75: 13194 | F75: 6903 | G75: 4441 | H75: 1788 | I75: 985 | J75: 742 | K75: 58744 | M75: 18352 | N75: 15647 | O75: 14103 | P75: 7340 | Q75: 4822 | R75: 1920 | S75: 1209 | T75: 827 | U75: 64220 | W75: 35134 | X75: 29557 | Y75: 27298 | Z75: 14241 | AA75: 9265 | AB75: 3708 | AC75: 2193 | AD75: 1568 | AE75: 122964
B76: April-June | C76: 50411 | D76: 42408 | E76: 31087 | F76: 17203 | G76: 12508 | H76: 4939 | I76: 2750 | J76: 1371 | K76: 162678 | M76: 55907 | N76: 48828 | O76: 34408 | P76: 18635 | Q76: 14102 | R76: 5442 | S76: 3295 | T76: 1404 | U76: 182021 | W76: 106319 | X76: 91236 | Y76: 65496 | Z76: 35838 | AA76: 26612 | AB76: 10381 | AC76: 6044 | AD76: 2773 | AE76: 344699
A77: September quarter 2018 | B77: July | C77: 14189 | D77: 11086 | E77: 12100 | F77: 6029 | G77: 4079 | H77: 1363 | I77: 808 | J77: 543 | K77: 50197 | M77: 15441 | N77: 12835 | O77: 13269 | P77: 6784 | Q77: 4452 | R77: 1438 | S77: 938 | T77: 516 | U77: 55673 | W77: 29629 | X77: 23922 | Y77: 25369 | Z77: 12813 | AA77: 8530 | AB77: 2801 | AC77: 1747 | AD77: 1059 | AE77: 105870
B78: August | C78: 15240 | D78: 13338 | E78: 12319 | F78: 7357 | G78: 4192 | H78: 1248 | I78: 747 | J78: 478 | K78: 54919 | M78: 17136 | N78: 15331 | O78: 13549 | P78: 8172 | Q78: 4564 | R78: 1517 | S78: 885 | T78: 432 | U78: 61586 | W78: 32375 | X78: 28669 | Y78: 25868 | Z78: 15529 | AA78: 8757 | AB78: 2765 | AC78: 1632 | AD78: 910 | AE78: 116505
B79: September | C79: 14116 | D79: 12515 | E79: 10025 | F79: 5492 | G79: 3755 | H79: 1165 | I79: 704 | J79: 271 | K79: 48043 | M79: 15802 | N79: 14580 | O79: 11003 | P79: 5915 | Q79: 4103 | R79: 1505 | S79: 835 | T79: 252 | U79: 53995 | W79: 29917 | X79: 27095 | Y79: 21029 | Z79: 11407 | AA79: 7856 | AB79: 2670 | AC79: 1540 | AD79: 524 | AE79: 102038
B80: July-September | C80: 43545 | D80: 36939 | E80: 34444 | F80: 18878 | G80: 12026 | H80: 3776 | I80: 2259 | J80: 1292 | K80: 153159 | M80: 48379 | N80: 42746 | O80: 37821 | P80: 20871 | Q80: 13119 | R80: 4460 | S80: 2658 | T80: 1200 | U80: 171254 | W80: 91921 | X80: 79686 | Y80: 72266 | Z80: 39749 | AA80: 25143 | AB80: 8236 | AC80: 4919 | AD80: 2493 | AE80: 324413
A81: December quarter 2018 | B81: October | C81: 14377 | D81: 13014 | E81: 9715 | F81: 5998 | G81: 3606 | H81: 1165 | I81: 725 | J81: 172 | K81: 48772 | M81: 16054 | N81: 15309 | O81: 10604 | P81: 6594 | Q81: 4373 | R81: 1354 | S81: 861 | T81: 153 | U81: 55302 | W81: 30430 | X81: 28323 | Y81: 20319 | Z81: 12592 | AA81: 7979 | AB81: 2519 | AC81: 1587 | AD81: 325 | AE81: 104074
B82: November | C82: 14594 | D82: 11922 | E82: 8994 | F82: 5555 | G82: 4172 | H82: 1377 | I82: 784 | J82: 78 | K82: 47476 | M82: 16531 | N82: 14053 | O82: 10019 | P82: 6064 | Q82: 4871 | R82: 1654 | S82: 888 | T82: 103 | U82: 54183 | W82: 31125 | X82: 25975 | Y82: 19014 | Z82: 11618 | AA82: 9043 | AB82: 3031 | AC82: 1672 | AD82: 181 | AE82: 101659
B83: December | C83: 10492 | D83: 9773 | E83: 6363 | F83: 3820 | G83: 2940 | H83: 1069 | I83: 576 | J83: 273 | K83: 35306 | M83: 11386 | N83: 11086 | O83: 6810 | P83: 4061 | Q83: 3302 | R83: 1100 | S83: 621 | T83: 257 | U83: 38623 | W83: 21878 | X83: 20859 | Y83: 13174 | Z83: 7880 | AA83: 6242 | AB83: 2169 | AC83: 1197 | AD83: 530 | AE83: 73929
B84: October-December | C84: 39463 | D84: 34709 | E84: 25072 | F84: 15373 | G84: 10718 | H84: 3611 | I84: 2085 | J84: 523 | K84: 131554 | M84: 43971 | N84: 40448 | O84: 27433 | P84: 16719 | Q84: 12546 | R84: 4108 | S84: 2370 | T84: 513 | U84: 148108 | W84: 83433 | X84: 75157 | Y84: 52507 | Z84: 32090 | AA84: 23264 | AB84: 7719 | AC84: 4456 | AD84: 1036 | AE84: 279662
A85: March quarter 2019 | B85: January | C85: 11052 | D85: 9668 | E85: 7182 | F85: 4150 | G85: 2872 | H85: 987 | I85: 506 | J85: 337 | K85: 36754 | M85: 12551 | N85: 11119 | O85: 8293 | P85: 4680 | Q85: 3328 | R85: 1103 | S85: 625 | T85: 320 | U85: 42019 | W85: 23603 | X85: 20787 | Y85: 15476 | Z85: 8830 | AA85: 6199 | AB85: 2090 | AC85: 1131 | AD85: 657 | AE85: 78773
B86: February | C86: 16924 | D86: 14396 | E86: 8166 | F86: 3652 | G86: 4912 | H86: 1537 | I86: 818 | J86: 263 | K86: 50669 | M86: 19343 | N86: 16903 | O86: 9322 | P86: 3972 | Q86: 5720 | R86: 1698 | S86: 982 | T86: 246 | U86: 58186 | W86: 36267 | X86: 31300 | Y86: 17488 | Z86: 7624 | AA86: 10632 | AB86: 3235 | AC86: 1800 | AD86: 509 | AE86: 108855
B87: March | C87: 16992 | D87: 15134 | E87: 9375 | F87: 4590 | G87: 4874 | H87: 1693 | I87: 764 | J87: 214 | K87: 53638 | M87: 19546 | N87: 17315 | O87: 10722 | P87: 5159 | Q87: 5601 | R87: 2001 | S87: 897 | T87: 210 | U87: 61451 | W87: 36537 | X87: 32450 | Y87: 20097 | Z87: 9749 | AA87: 10476 | AB87: 3694 | AC87: 1662 | AD87: 424 | AE87: 115089
B88: January-March | C88: 44968 | D88: 39198 | E88: 24723 | F88: 12392 | G88: 12658 | H88: 4217 | I88: 2088 | J88: 814 | K88: 141061 | M88: 51440 | N88: 45337 | O88: 28337 | P88: 13811 | Q88: 14649 | R88: 4802 | S88: 2504 | T88: 776 | U88: 161656 | W88: 96407 | X88: 84537 | Y88: 53061 | Z88: 26203 | AA88: 27307 | AB88: 9019 | AC88: 4593 | AD88: 1590 | AE88: 302717
A89: June quarter 2019 | B89: April | C89: 13813 | D89: 14038 | E89: 9382 | F89: 5177 | G89: 4403 | H89: 1400 | I89: 755 | J89: 184 | K89: 49152 | M89: 15332 | N89: 15592 | O89: 10317 | P89: 5352 | Q89: 4850 | R89: 1592 | S89: 827 | T89: 162 | U89: 54024 | W89: 29145 | X89: 29629 | Y89: 19698 | Z89: 10530 | AA89: 9254 | AB89: 2991 | AC89: 1583 | AD89: 346 | AE89: 103176
B90: May | C90: 18582 | D90: 16947 | E90: 11465 | F90: 6978 | G90: 5299 | H90: 1744 | I90: 909 | J90: 466 | K90: 62390 | M90: 20966 | N90: 19403 | O90: 12885 | P90: 7664 | Q90: 6058 | R90: 2000 | S90: 1037 | T90: 493 | U90: 70506 | W90: 39548 | X90: 36350 | Y90: 24351 | Z90: 14642 | AA90: 11355 | AB90: 3744 | AC90: 1947 | AD90: 959 | AE90: 132896
B91: June | C91: 16969 | D91: 18128 | E91: 13842 | F91: 8543 | G91: 5869 | H91: 1757 | I91: 1044 | J91: 713 | K91: 66865 | M91: 18417 | N91: 19311 | O91: 14615 | P91: 8974 | Q91: 6248 | R91: 1898 | S91: 1060 | T91: 629 | U91: 71152 | W91: 35385 | X91: 37440 | Y91: 28457 | Z91: 17516 | AA91: 12118 | AB91: 3655 | AC91: 2104 | AD91: 1342 | AE91: 138017
B92: April-June | C92: 49364 | D92: 49113 | E92: 34689 | F92: 20698 | G92: 15571 | H92: 4901 | I92: 2708 | J92: 1363 | K92: 178407 | M92: 54715 | N92: 54306 | O92: 37817 | P92: 21990 | Q92: 17156 | R92: 5490 | S92: 2924 | T92: 1284 | U92: 195682 | W92: 104078 | X92: 103419 | Y92: 72506 | Z92: 42688 | AA92: 32727 | AB92: 10390 | AC92: 5634 | AD92: 2647 | AE92: 374089
A93: September quarter 2019 | B93: July | C93: 16384 | D93: 15368 | E93: 13025 | F93: 9228 | G93: 5193 | H93: 1649 | I93: 925 | J93: 489 | K93: 62261 | M93: 18163 | N93: 17531 | O93: 14389 | P93: 10036 | Q93: 5788 | R93: 1859 | S93: 1071 | T93: 539 | U93: 69376 | W93: 34548 | X93: 32899 | Y93: 27415 | Z93: 19263 | AA93: 10980 | AB93: 3508 | AC93: 1996 | AD93: 1028 | AE93: 131637
B94: August | C94: 22705 | D94: 16819 | E94: 17404 | F94: 10161 | G94: 5795 | H94: 1825 | I94: 1314 | J94: 541 | K94: 76563 | M94: 24049 | N94: 18495 | O94: 18769 | P94: 10942 | Q94: 6385 | R94: 2015 | S94: 1472 | T94: 469 | U94: 82596 | W94: 46751 | X94: 35315 | Y94: 36173 | Z94: 21103 | AA94: 12179 | AB94: 3841 | AC94: 2786 | AD94: 1011 | AE94: 159159
B95: September | C95: 17064 | D95: 13125 | E95: 12142 | F95: 7165 | G95: 4338 | H95: 1330 | I95: 954 | J95: 276 | K95: 56394 | M95: 18401 | N95: 14387 | O95: 13275 | P95: 7430 | Q95: 4956 | R95: 1421 | S95: 1150 | T95: 289 | U95: 61309 | W95: 35467 | X95: 27512 | Y95: 25415 | Z95: 14594 | AA95: 9295 | AB95: 2751 | AC95: 2104 | AD95: 565 | AE95: 117703
B96: July-September | C96: 56153 | D96: 45312 | E96: 42571 | F96: 26554 | G96: 15326 | H96: 4804 | I96: 3193 | J96: 1306 | K96: 195218 | M96: 60613 | N96: 50413 | O96: 46433 | P96: 28408 | Q96: 17129 | R96: 5295 | S96: 3693 | T96: 1297 | U96: 213281 | W96: 116766 | X96: 95726 | Y96: 89003 | Z96: 54960 | AA96: 32454 | AB96: 10100 | AC96: 6886 | AD96: 2604 | AE96: 408499
A97: December quarter 2019 | B97: October | C97: 14893 | D97: 11562 | E97: 9610 | F97: 5562 | G97: 4053 | H97: 1052 | I97: 957 | J97: 145 | K97: 47834 | M97: 17015 | N97: 13441 | O97: 10671 | P97: 6035 | Q97: 4746 | R97: 1275 | S97: 1103 | T97: 169 | U97: 54455 | W97: 31908 | X97: 25004 | Y97: 20281 | Z97: 11598 | AA97: 8799 | AB97: 2327 | AC97: 2058 | AD97: 314 | AE97: 102289
B98: November | C98: 14594 | D98: 12245 | E98: 9691 | F98: 5713 | G98: 4684 | H98: 1297 | I98: 946 | J98: 109 | K98: 49278 | M98: 16368 | N98: 14104 | O98: 10764 | P98: 6215 | Q98: 5388 | R98: 1529 | S98: 1116 | T98: 107 | U98: 55591 | W98: 30962 | X98: 26348 | Y98: 20455 | Z98: 11927 | AA98: 10072 | AB98: 2826 | AC98: 2063 | AD98: 216 | AE98: 104869
B99: December | C99: 9779 | D99: 7087 | E99: 4728 | F99: 3059 | G99: 2590 | H99: 675 | I99: 669 | J99: 45 | K99: 28632 | M99: 10120 | N99: 7516 | O99: 4881 | P99: 3050 | Q99: 2769 | R99: 672 | S99: 660 | T99: 57 | U99: 29725 | W99: 19899 | X99: 14603 | Y99: 9609 | Z99: 6109 | AA99: 5359 | AB99: 1347 | AC99: 1329 | AD99: 102 | AE99: 58357
B100: October-December | C100: 39266 | D100: 30894 | E100: 24029 | F100: 14334 | G100: 11327 | H100: 3024 | I100: 2572 | J100: 299 | K100: 125744 | M100: 43503 | N100: 35061 | O100: 26316 | P100: 15300 | Q100: 12903 | R100: 3476 | S100: 2879 | T100: 333 | U100: 139771 | W100: 82769 | X100: 65955 | Y100: 50345 | Z100: 29634 | AA100: 24230 | AB100: 6500 | AC100: 5450 | AD100: 632 | AE100: 265515
...

Sheet BreastScreen, State, Age group
A1: Click to return to TOC
A2: Table 9: Participation in BreastScreen Australia, by state/territory and 5-year age group, women aged 50–74, 2014–2015 to 2021–2022
C3: 2014–2015 | G3: 2015–2016 | K3: 2016–2017 | O3: 2017–2018 | S3: 2018–2019 | W3: 2019–2020(a) | AA3: 2020–2021(a) | AE3: 2021–2022
A4: State/territory | B4: Age group | C4: Participants | D4: Population | E4: Participation (%) | G4: Participants | H4: Population | I4: Participation (%) | K4: Participants | L4: Population | M4: Participation (%) | O4: Participants | P4: Population | Q4: Participation (%) | S4: Participants | T4: Population | U4: Participation (%) | W4: Participants | X4: Population | Y4: Participation (%) | AA4: Participants | AB4: Population | AC4: Participation (%) | AE4: Participants | AF4: Population | AG4: Participation (%)
A5: NSW | B5: 50–54 | C5: 113378 | D5: 254044 | E5: 44.6 | G5: 119336 | H5: 252131 | I5: 47.3 | K5: 119516 | L5: 249298 | M5: 47.9 | O5: 117872 | P5: 245849 | Q5: 47.944974 | S5: 120685 | T5: 244781 | U5: 49.303255 | W5: 110352 | X5: 246724 | Y5: 44.726992 | AA5: 96486 | AB5: 251912 | AC5: 38.30147 | AE5: 106868 | AF5: 255423.5 | AG5: 41.8395
A6: NSW | B6: 55–59 | C6: 120428 | D6: 236045 | E6: 51 | G6: 124089 | H6: 241019 | I6: 51.5 | K6: 127067 | L6: 245658 | M6: 51.7 | O6: 127077 | P6: 248729 | Q6: 51.090647 | S6: 129700 | T6: 251377 | U6: 51.59581 | W6: 120515 | X6: 252990 | Y6: 47.63627 | AA6: 103395 | AB6: 251207 | AC6: 41.159283 | AE6: 110741 | AF6: 245517.5 | AG6: 45.1051
A7: NSW | B7: 60–64 | C7: 119307 | D7: 209957 | E7: 56.8 | G7: 123853 | H7: 214128 | I7: 57.8 | K7: 126777 | L7: 218729 | M7: 58 | O7: 127841 | P7: 223414 | Q7: 57.221571 | S7: 130519 | T7: 228288 | U7: 57.173082 | W7: 122862 | X7: 234401 | Y7: 52.415417 | AA7: 109039 | AB7: 239762 | AC7: 45.478016 | AE7: 120186 | AF7: 241590.5 | AG7: 49.7478
A8: NSW | B8: 65–69 | C8: 108305 | D8: 187045 | E8: 57.9 | G8: 113326 | H8: 192631 | I8: 58.8 | K8: 115460 | L8: 195698 | M8: 59 | O8: 115892 | P8: 196635 | Q8: 58.937775 | S8: 119051 | T8: 200213 | U8: 59.462173 | W8: 113395 | X8: 205491 | Y8: 55.1826 | AA8: 101356 | AB8: 210364 | AC8: 48.181248 | AE8: 111179 | AF8: 212737.5 | AG8: 52.2611
A9: NSW | B9: 70–74 | C9: 66560 | D9: 141171 | E9: 47.1 | G9: 76680 | H9: 146735 | I9: 52.3 | K9: 83004 | L9: 154747 | M9: 53.6 | O9: 90335 | P9: 164088 | Q9: 55.052777 | S9: 95554 | T9: 171262 | U9: 55.794047 | W9: 94251 | X9: 177646 | Y9: 53.055515 | AA9: 86408 | AB9: 183740 | AC9: 47.027449 | AE9: 93088 | AF9: 187621.5 | AG9: 49.6148
A10: NSW | B10: 50–69 | C10: 461418 | D10: 887090 | E10: 52.01479 | G10: 480604 | H10: 899909 | I10: 53.405844 | K10: 488820 | L10: 909382 | M10: 53.752988 | O10: 488682 | P10: 914626 | Q10: 53.429708 | S10: 499955 | T10: 924659 | U10: 54.069151 | W10: 467124 | X10: 939605 | Y10: 49.71496 | AA10: 410276 | AB10: 953245 | AC10: 43.039932 | AE10: 448974 | AF10: 955269 | AG10: 46.9997
A11: NSW | B11: 50–74 | C11: 527978 | D11: 1028260 | E11: 51.346741 | G11: 557284 | H11: 1046644 | I11: 53.244847 | K11: 571824 | L11: 1064129 | M11: 53.736342 | O11: 579017 | P11: 1078714 | Q11: 53.6766 | S11: 595509 | T11: 1095921 | U11: 54.338704 | W11: 561375 | X11: 1117251 | Y11: 50.246118 | AA11: 496684 | AB11: 1136985 | AC11: 43.684325 | AE11: 542062 | AF11: 1142890.5 | AG11: 47.429
A12: Vic | B12: 50–54 | C12: 99398 | D12: 196318 | E12: 50.6 | G12: 102345 | H12: 197431 | I12: 51.8 | K12: 102107 | L12: 198178 | M12: 51.5 | O12: 101056 | P12: 198539 | Q12: 50.899951 | S12: 100617 | T12: 200723 | U12: 50.12729 | W12: 86851 | X12: 204823 | Y12: 42.402953 | AA12: 88690 | AB12: 209720 | AC12: 42.28972 | AE12: 101806 | AF12: 211611 | AG12: 48.11
A13: Vic | B13: 55–59 | C13: 92952 | D13: 180835 | E13: 51.4 | G13: 94766 | H13: 185337 | I13: 51.1 | K13: 97572 | L13: 189532 | M13: 51.5 | O13: 100503 | P13: 193281 | Q13: 51.998386 | S13: 101371 | T13: 196685 | U13: 51.539903 | W13: 88769 | X13: 199834 | Y13: 44.421481 | AA13: 87541 | AB13: 199616 | AC13: 43.854811 | AE13: 96068 | AF13: 195961 | AG13: 49.024
A14: Vic | B14: 60–64 | C14: 91425 | D14: 160990 | E14: 56.8 | G14: 94085 | H14: 164802 | I14: 57.1 | K14: 96320 | L14: 168819 | M14: 57.1 | O14: 97821 | P14: 172963 | Q14: 56.55619 | S14: 98464 | T14: 177218 | U14: 55.561104 | W14: 86874 | X14: 183165 | Y14: 47.429367 | AA14: 88916 | AB14: 187470 | AC14: 47.429455 | AE14: 98994 | AF14: 188026 | AG14: 52.6491
A15: Vic | B15: 65–69 | C15: 82083 | D15: 143066 | E15: 57.4 | G15: 86688 | H15: 148802 | I15: 58.3 | K15: 89011 | L15: 151991 | M15: 58.6 | O15: 89749 | P15: 153367 | Q15: 58.519108 | S15: 89896 | T15: 156309 | U15: 57.511908 | W15: 80316 | X15: 160801 | Y15: 49.947606 | AA15: 81790 | AB15: 164365 | AC15: 49.761354 | AE15: 89932 | AF15: 165625.5 | AG15: 54.2984
A16: Vic | B16: 70–74 | C16: 45485 | D16: 106535 | E16: 42.7 | G16: 54149 | H16: 111053 | I16: 48.8 | K16: 61754 | L16: 117691 | M16: 52.5 | O16: 67397 | P16: 125941 | Q16: 53.514953 | S16: 71778 | T16: 132469 | U16: 54.184753 | W16: 66317 | X16: 138558 | Y16: 47.862267 | AA16: 68639 | AB16: 144208 | AC16: 47.597386 | AE16: 75570 | AF16: 147005.5 | AG16: 51.4062
... A67: Australia | B67: 50–74 | C67: 1701854 | D67: 3166958 | E67: 53.737814 | G67: 1772540 | H67: 3233276 | I67: 54.821797 | K67: 1812835 | L67: 3297208 | M67: 54.980911 | O67: 1841333 | P67: 3358612 | Q67: 54.824225 | S67: 1875751 | T67: 3425595 | U67: 54.756948 | W67: 1750263 | X67: 3506201 | Y67: 49.919072 | AA67: 1705319 | AB67: 3578315 | AC67: 47.657046 | AE67: 1820960 | AF67: 3633858.5 | AG67: 50.1109
A68: (a) COVID-19 pandemic has impacted 2019–2020 and 2020–2021 participation.
A70: Notes
A71: 1. State/territory refers to the state or territory in which screening occurred, not the state or territory of residence.
A72: 2. Population is the average of the ABS estimated resident population as at 30 June for the two years.
A73: 3. BreastScreen Australia changed its target age group from 50–69 years to 50–74 years from July 2013. Participation is reported for both the previous and current target age groups to allow comparison of trends with previously reported data.
A74: 4. All rates presented in this table are crude rates.
A75: 5. Each 2-year period covers from 1 January in the first year to 31 December in the following year. For example, 2020–2021 covers 1 January 2020 to 31 December 2021 inclusive.
A77: Source: AIHW analysis of state and territory BreastScreen register data.

Sheet BreastScreen AS participation
A1: Click to return to TOC
A2: Table 10: Age-standardised participation rates in BreastScreen Australia, by state/territory, women aged 50–69 and 50–74, 2014–2015 to 2021–2022
A3: State/territory | B3: Age group | C3: 2014–2015 | D3: 2015–2016 | E3: 2016–2017 | F3: 2017–2018 | G3: 2018–2019 | H3: 2019–2020(a) | I3: 2020–2021(a) | J3: 2021–2022
A4: NSW | B4: 50–69 | C4: 51.3 | D4: 52.8 | E4: 53.1 | F4: 52.743381 | G4: 53.423612 | H4: 49.024462 | I4: 42.371965 | J4: 46.2725
A5: NSW | B5: 50–74 | C5: 50.7 | D5: 52.7 | E5: 53.2 | F5: 53.074493 | G5: 53.763475 | H5: 49.602417 | I5: 43.039449 | J5: 46.7517
A6: Vic | B6: 50–69 | C6: 53.4 | D6: 53.9 | E6: 54 | F6: 53.772923 | G6: 52.993452 | H6: 45.370208 | I6: 45.148402 | J6: 50.4374
A7: Vic | B7: 50–74 | C7: 51.8 | D7: 53.2 | E7: 53.7 | F7: 53.735936 | G7: 53.164256 | H7: 45.727509 | I7: 45.499527 | J7: 50.5763
A8: Qld | B8: 50–69 | C8: 56.5 | D8: 55.9 | E8: 54.8 | F8: 54.280792 | G8: 54.028429 | H8: 51.185205 | I8: 51.080583 | J8: 50.4251
A9: Qld | B9: 50–74 | C9: 56.3 | D9: 56 | E9: 55.1 | F9: 54.590192 | G9: 54.360222 | H9: 51.741107 | I9: 51.603634 | J9: 50.836
A10: WA | B10: 50–69 | C10: 55.3 | D10: 56.3 | E10: 55.2 | F10: 54.919692 | G10: 53.676748 | H10: 49.295345 | I10: 48.557756 | J10: 48.9145
A11: WA | B11: 50–74 | C11: 55.6 | D11: 56.2 | E11: 55.8 | F11: 55.360963 | G11: 54.382406 | H11: 49.968899 | I11: 49.254653 | J11: 49.3955
A12: SA | B12: 50–69 | C12: 58.5 | D12: 58.9 | E12: 59.2 | F12: 58.343485 | G12: 57.932938 | H12: 50.857524 | I12: 50.276019 | J12: 52.3576
A13: SA | B13: 50–74 | C13: 57.6 | D13: 58.8 | E13: 59.1 | F13: 58.743183 | G13: 58.377272 | H13: 51.400473 | I13: 51.114416 | J13: 52.9844
A14: Tas | B14: 50–69 | C14: 57.3 | D14: 57.3 | E14: 58.1 | F14: 59.364426 | G14: 59.487189 | H14: 54.772917 | I14: 56.688489 | J14: 57.4215
A15: Tas | B15: 50–74 | C15: 56.6 | D15: 57 | E15: 58.4 | F15: 59.347247 | G15: 59.806876 | H15: 55.08216 | I15: 57.292482 | J15: 57.8737
... A21: Australia | B21: 50–74 | C21: 53.2 | D21: 54.3 | E21: 54.5 | F21: 54.299921 | G21: 54.23308 | H21: 49.367453 | I21: 47.081497 | J21: 49.5692
A22: (a) COVID-19 pandemic has impacted 2019–2020 and 2020–2021 participation.
A24: Notes
A25: 1. State/territory refers to the state or territory in which screening occurred, not the state or territory of residence.
A26: 2. BreastScreen Australia changed its target age group from 50–69 years to 50–74 years from July 2013. Participation is reported for both the previous and current target age groups to allow comparison of trends with previously reported data.
A27: 3. The rates in this table are age-standardised rates using the 2001 Australian Standard Population.
A28: 4. Each 2-year period covers from 1 January in the first year to 31 December in the following year. For example, 2020–2021 covers 1 January 2020 to 31 December 2021 inclusive.
A30: Source: AIHW analysis of state and territory BreastScreen register data.

Sheet BreastScreen, PHN
A1: Click to return to TOC
A2: Table 11: Participation in BreastScreen Australia, by Primary Health Network area and 5-year age group, women aged 50–74, 2014–2015 to 2019-2020
E3: 2014–2015 | I3: 2015–2016 | M3: 2016–2017 | Q3: 2017–2018 | U3: 2018–2019 | Y3: 2019–2020(a)
A4: State/territory | B4: PHN code | C4: PHN name | D4: Age group | E4: Participants | F4: Population | G4: Participation (%) | I4: Participants | J4: Population | K4: Participation (%) | M4: Participants | N4: Population | O4: Participation (%) | Q4: Participants | R4: Population | S4: Participation (%) | U4: Participants | V4: Population | W4: Participation (%) | Y4: Participants | Z4: Population | AA4: Participation (%)
A5: NSW | B5: PHN101 | C5: Central and Eastern Sydney | D5: 50–54 | E5: 19546 | F5: 46354 | G5: 42.2 | I5: 21572 | J5: 47032 | K5: 45.9 | M5: 21698 | N5: 46521 | O5: 46.641427 | Q5: 21065 | R5: 46151 | S5: 45.644836 | U5: 22013 | V5: 46020 | W5: 47.832407 | Y5: 19873 | Z5: 46656 | AA5: 42.595149
A6: NSW | B6: PHN101 | C6: Central and Eastern Sydney | D6: 55–59 | E6: 19957 | F6: 41653 | G6: 47.9 | I6: 20959 | J6: 42624 | K6: 49.2 | M6: 21324 | N6: 43337 | O6: 49.204507 | Q6: 21258 | R6: 44191 | S6: 48.103912 | U6: 21940 | V6: 44974 | W6: 48.783696 | Y6: 20045 | Z6: 45893 | AA6: 43.679043
A7: NSW | B7: PHN101 | C7: Central and Eastern Sydney | D7: 60–64 | E7: 19104 | F7: 36089 | G7: 52.9 | I7: 19920 | J7: 37104 | K7: 53.7 | M7: 20506 | N7: 37987 | O7: 53.980379 | Q7: 20605 | R7: 38921 | S7: 52.941429 | U7: 21180 | V7: 39424 | W7: 53.724675 | Y7: 19073 | Z7: 40455 | AA7: 47.145207
A8: NSW | B8: PHN101 | C8: Central and Eastern Sydney | D8: 65–69 | E8: 16861 | F8: 31840 | G8: 53 | I8: 17882 | J8: 32414 | K8: 55.2 | M8: 17953 | N8: 32809 | O8: 54.721105 | Q8: 18012 | R8: 33070 | S8: 54.465418 | U8: 18611 | V8: 33565 | W8: 55.448994 | Y8: 16990 | Z8: 34754 | AA8: 48.887785
A9: NSW | B9: PHN101 | C9: Central and Eastern Sydney | D9: 70–74 | E9: 9406 | F9: 23713 | G9: 39.7 | I9: 12131 | J9: 24509 | K9: 49.5 | M9: 12323 | N9: 25922 | O9: 47.538355 | Q9: 14074 | R9: 27652 | S9: 50.89655 | U9: 14507 | V9: 28927 | W9: 50.149098 | Y9: 13940 | Z9: 30043 | AA9: 46.398607
A10: NSW | B10: PHN101 | C10: Central and Eastern Sydney | D10: 50–69 | E10: 75467 | F10: 155937 | G10: 48.4 | I10: 80333 | J10: 159173 | K10: 50.5 | M10: 81480 | N10: 160653 | O10: 50.718175 | Q10: 80940 | R10: 162333 | S10: 49.860605 | U10: 83744 | V10: 163983 | W10: 51.068901 | Y10: 75981 | Z10: 167757 | AA10: 45.29256
A11: NSW | B11: PHN101 | C11: Central and Eastern Sydney | D11: 50–74 | E11: 84873 | F11: 179649 | G11: 47.2 | I11: 92464 | J11: 183682 | K11: 50.3 | M11: 93803 | N11: 186575 | O11: 50.276383 | Q11: 95014 | R11: 189985 | S11: 50.011386 | U11: 98251 | V11: 192910 | W11: 50.930976 | Y11: 89921 | Z11: 197800 | AA11: 45.460552
A12: NSW | B12: PHN102 | C12: Northern Sydney | D12: 50–54 | E12: 14251 | F12: 31613 | G12: 45.1 | I12: 15122 | J12: 31518 | K12: 48 | M12: 15100 | N12: 31279 | O12: 48.274824 | Q12: 14901 | R12: 31377 | S12: 47.490155 | U12: 15826 | V12: 31489 | W12: 50.259337 | Y12: 14311 | Z12: 31927 | AA12: 44.824353
A13: NSW | B13: PHN102 | C13: Northern Sydney | D13: 55–59 | E13: 14012 | F13: 27613 | G13: 50.7 | I13: 14205 | J13: 27858 | K13: 51 | M13: 14378 | N13: 28054 | O13: 51.252563 | Q13: 14260 | R13: 28504 | S13: 50.027001 | U13: 14644 | V13: 29085 | W13: 50.34832 | Y13: 13549 | Z13: 29749 | AA13: 45.544171
A14: NSW | B14: PHN102 | C14: Northern Sydney | D14: 60–64 | E14: 13666 | F14: 24362 | G14: 56.1 | I14: 13902 | J14: 24242 | K14: 57.3 | M14: 14039 | N14: 24284 | O14: 57.810092 | Q14: 13950 | R14: 24656 | S14: 56.577224 | U14: 14124 | V14: 25054 | W14: 56.373221 | Y14: 13026 | Z14: 25693 | AA14: 50.699059
A15: NSW | B15: PHN102 | C15: Northern Sydney | D15: 65–69 | E15: 12558 | F15: 22025 | G15: 57 | I15: 13000 | J15: 22127 | K15: 58.7 | M15: 12860 | N15: 21885 | O15: 58.759742 | Q15: 12612 | R15: 21812 | S15: 57.822206 | U15: 12869 | V15: 22018 | W15: 58.447751 | Y15: 11826 | Z15: 22337 | AA15: 52.943045
A16: NSW | B16: PHN102 | C16: Northern Sydney | D16: 70–74 | E16: 7836 | F16: 16735 | G16: 46.8 | I16: 9203 | J16: 17043 | K16: 54 | M16: 9489 | N16: 17997 | O16: 52.727243 | Q16: 10368 | R16: 19008 | S16: 54.544881 | U16: 10881 | V16: 19703 | W16: 55.226879 | Y16: 10372 | Z16: 20325 | AA16: 51.030491
... A221: NT | B221: PHN701 | C221: Northern Territory | D221: 50–74 | E221: 8732 | F221: 23841 | G221: 36.6 | I221: 9015 | J221: 24626 | K221: 36.6 | M221: 9527 | N221: 24870 | O221: 38.309423 | Q221: 9678 | R221: 25356 | S221: 38.1688 | U221: 9810 | V221: 25801 | W221: 38.020513 | Y221: 9668 | Z221: 26539 | AA221: 36.431496
A222: Unknown | C222: Unknown | D222: 50–54 | E222: 856 | F222: n.p. | G222: n.p. | I222: 871 | J222: n.p. | K222: n.p. | M222: 335 | N222: n.p. | O222: n.p. | Q222: 313 | R222: n.p. | S222: n.p. | U222: 401 | V222: n.p. | W222: n.p. | Y222: 376 | Z222: n.p. | AA222: n.p.
A223: Unknown | C223: Unknown | D223: 55–59 | E223: 778 | F223: n.p. | G223: n.p. | I223: 793 | J223: n.p. | K223: n.p. | M223: 395 | N223: n.p. | O223: n.p. | Q223: 350 | R223: n.p. | S223: n.p. | U223: 428 | V223: n.p. | W223: n.p. | Y223: 436 | Z223: n.p. | AA223: n.p.
A224: Unknown | C224: Unknown | D224: 60–64 | E224: 764 | F224: n.p. | G224: n.p. | I224: 782 | J224: n.p. | K224: n.p. | M224: 412 | N224: n.p. | O224: n.p. | Q224: 389 | R224: n.p. | S224: n.p. | U224: 435 | V224: n.p. | W224: n.p. | Y224: 362 | Z224: n.p. | AA224: n.p.
A225: Unknown | C225: Unknown | D225: 65–69 | E225: 621 | F225: n.p. | G225: n.p. | I225: 679 | J225: n.p. | K225: n.p. | M225: 326 | N225: n.p. | O225: n.p. | Q225: 291 | R225: n.p. | S225: n.p. | U225: 338 | V225: n.p. | W225: n.p. | Y225: 336 | Z225: n.p. | AA225: n.p.
A226: Unknown | C226: Unknown | D226: 70–74 | E226: 315 | F226: n.p. | G226: n.p. | I226: 350 | J226: n.p. | K226: n.p. | M226: 183 | N226: n.p. | O226: n.p. | Q226: 196 | R226: n.p. | S226: n.p. | U226: 239 | V226: n.p. | W226: n.p. | Y226: 245 | Z226: n.p. | AA226: n.p.
A227: Unknown | C227: Unknown | D227: 50–69 | E227: 3019 | F227: n.p. | G227: n.p. | I227: 3125 | J227: n.p. | K227: n.p. | M227: 1468 | N227: n.p. | O227: n.p. | Q227: 1343 | R227: n.p. | S227: n.p. | U227: 1602 | V227: n.p. | W227: n.p. | Y227: 1510 | Z227: n.p. | AA227: n.p.
A228: Unknown | C228: Unknown | D228: 50–74 | E228: 3334 | F228: n.p. | G228: n.p. | I228: 3475 | J228: n.p. | K228: n.p. | M228: 1651 | N228: n.p. | O228: n.p. | Q228: 1539 | R228: n.p. | S228: n.p. | U228: 1841 | V228: n.p. | W228: n.p. | Y228: 1755 | Z228: n.p. | AA228: n.p.
A229: Australia | C229: Australia | D229: 50–54 | E229: 385358 | F229: 791178 | G229: 48.7 | I229: 394483 | J229: 789143 | K229: 50 | M229: 390480 | N229: 784946 | O229: 49.746129 | Q229: 386784 | R229: 780157 | S229: 49.577713 | U229: 389316 | V229: 782126 | W229: 49.776666 | Y229: 355431 | Z229: 793212 | AA229: 44.80908
A230: Australia | C230: Australia | D230: 55–59 | E230: 387403 | F230: 728702 | G230: 53.2 | I230: 396587 | J230: 744926 | K230: 53.2 | M230: 404119 | N230: 760460 | O230: 53.141423 | Q230: 407748 | R230: 773627 | S230: 52.706054 | U230: 412235 | V230: 784822 | W230: 52.525923 | Y230: 378968 | Z230: 793289 | AA230: 47.771745
A231: Australia | C231: Australia | D231: 60–64 | E231: 378925 | F231: 648575 | G231: 58.4 | I231: 388715 | J231: 661325 | K231: 58.8 | M231: 395020 | N231: 675360 | O231: 58.49033 | Q231: 399600 | R231: 690224 | S231: 57.894249 | U231: 404636 | V231: 706161 | W231: 57.300854 | Y231: 377277 | Z231: 727309 | AA231: 51.873
A232: Australia | C232: Australia | D232: 65–69 | E232: 341468 | F232: 573399 | G232: 59.6 | I232: 357652 | J232: 594119 | K232: 60.2 | M232: 364510 | N232: 606109 | O232: 60.139348 | Q232: 366850 | R232: 611950 | S232: 59.947708 | U232: 371917 | V232: 624043 | W232: 59.597976 | Y232: 348722 | Z232: 640493 | AA232: 54.445872
A233: Australia | C233: Australia | D233: 70–74 | E233: 208700 | F233: 425106 | G233: 49.1 | I233: 235103 | J233: 443765 | K233: 53 | M233: 258706 | N233: 470335 | O233: 55.004683 | Q233: 280351 | R233: 502654 | S233: 55.774151 | U233: 297647 | V233: 528444 | W233: 56.325227 | Y233: 289865 | Z233: 551898 | AA233: 52.52148
A234: Australia | C234: Australia | D234: 50–69 | E234: 1493154 | F234: 2741853 | G234: 54.457843 | I234: 1537437 | J234: 2789512 | K234: 55.114909 | M234: 1554129 | N234: 2826874 | O234: 54.976956 | Q234: 1560982 | R234: 2855958 | S234: 54.657046 | U234: 1578104 | V234: 2897151 | W234: 54.470892 | Y234: 1460398 | Z234: 2954303 | AA234: 49.432912
A235: Australia | C235: Australia | D235: 50–74 | E235: 1701854 | F235: 3166958 | G235: 53.737814 | I235: 1772540 | J235: 3233276 | K235: 54.821797 | M235: 1812835 | N235: 3297208 | O235: 54.980911 | Q235: 1841333 | R235: 3358612 | S235: 54.824233 | U235: 1875751 | V235: 3425595 | W235: 54.756948 | Y235: 1750263 | Z235: 3506201 | AA235: 49.919072
A236: (a) COVID-19 pandemic has impacted 2019–2020 participation.
A238: Notes
A239: 1. State/territory refers to the state or territory of residence (derived from postcode), not the state or territory in which screening occurred.
A240: 2. Population is the average of the ABS estimated resident population, by PHN as at 30 June for the two years.
A241: 3. PHNs were assigned to women using a postal area to PHN correspondence. Because these data are assigned only on postcode, they will be less accurate than those published by individual states and territories.
A242: 4. Some postcodes (and hence women) cannot be attributed to a PHN and therefore these women were assigned to the unknown category, and they were included in the 'Australia' total. For a small number of women in Tas, ACT and NT, where postcode was unknown, these women have been assigned to the PHN corresponding to their state.
A243: 5. PHN205 Murray includes Albury, NSW.
A244: 6. Totals may not sum due to rounding, and Australia totals presented in this table are taken from Table 9.
A245: 7. The time period of some PHN data presented is prior to the initiation of PHNs, which were in established in June 2015. For further details on PHN see the Department of Health’s website.
A246: 8. BreastScreen Australia changed its target age group from 50–69 years to 50–74 years from July 2013. Participation is reported for both the previous and current target age groups to allow comparison of trends with previously reported data.
A247: 9. All rates presented in this table are crude rates.
A248: 10. Each 2-year period covers from 1 January in the first year to 31 December in the following year. For example, 2018–2019 covers 1 January 2018 to 31 December 2019 inclusive.
A250: Source: AIHW analysis of state and territory BreastScreen register data.

Sheet BreastScreen, SA3 2016
A1: Click to return to TOC
A2: Table 12a: Participation in BreastScreen Australia, by Statistical Area Level 3 (ASGS 2016) and 5-year age group, women aged 50–74, 2016–2017 to 2019–2020
E3: 2016–2017 | I3: 2017–2018 | M3: 2018–2019 | Q3: 2019–2020(a)
A4: State/territory | B4: SA3 code | C4: SA3 name | D4: Age group | E4: Participants | F4: Population | G4: Participation (%) | I4: Participants | J4: Population | K4: Participation (%) | M4: Participants | N4: Population | O4: Participation (%) | Q4: Participants | R4: Population | S4: Participation (%)
A5: NSW | B5: 10102 | C5: Queanbeyan | D5: 50–54 | E5: 1284 | F5: 2251 | G5: 57 | I5: 1285 | J5: 2306 | K5: 55.720348 | M5: 1375 | N5: 2342 | O5: 58.709767 | Q5: 1372 | R5: 2393 | S5: 57.32914
A6: NSW | B6: 10102 | C6: Queanbeyan | D6: 55–59 | E6: 1188 | F6: 1970 | G6: 60.3 | I6: 1260 | J6: 2030 | K6: 62.09035 | M6: 1252 | N6: 2093 | O6: 59.815045 | Q6: 1184 | R6: 2142 | S6: 55.294097
A7: NSW | B7: 10102 | C7: Queanbeyan | D7: 60–64 | E7: 1012 | F7: 1625 | G7: 62.3 | I7: 1048 | J7: 1646 | K7: 63.699474 | M7: 1105 | N7: 1689 | O7: 65.436573 | Q7: 1064 | R7: 1789 | S7: 59.494158
A8: NSW | B8: 10102 | C8: Queanbeyan | D8: 65–69 | E8: 826 | F8: 1300 | G8: 63.5 | I8: 855 | J8: 1357 | K8: 63.025576 | M8: 898 | N8: 1426 | O8: 63.004286 | Q8: 898 | R8: 1466 | S8: 61.238089
A9: NSW | B9: 10102 | C9: Queanbeyan | D9: 70–74 | E9: 566 | F9: 907 | G9: 62.4 | I9: 600 | J9: 971 | K9: 61.797248 | M9: 647 | N9: 1040 | O9: 62.210322 | Q9: 661 | R9: 1115 | S9: 59.327503
A10: NSW | B10: 10102 | C10: Queanbeyan | D10: 50–69 | E10: 4309 | F10: 7145 | G10: 60.3 | I10: 4448 | J10: 7338 | K10: 60.622378 | M10: 4629 | N10: 7548 | O10: 61.33203 | Q10: 4518 | R10: 7789 | S10: 58.002475
A11: NSW | B11: 10102 | C11: Queanbeyan | D11: 50–74 | E11: 4875 | F11: 8052 | G11: 60.5 | I11: 5048 | J11: 8309 | K11: 60.759613 | M11: 5276 | N11: 8588 | O11: 61.438391 | Q11: 5179 | R11: 8904 | S11: 58.168336
A12: NSW | B12: 10103 | C12: Snowy Mountains | D12: 50–54 | E12: 409 | F12: 720 | G12: 56.8 | I12: 391 | J12: 679 | K12: 57.578851 | M12: 419 | N12: 682 | O12: 61.427004 | Q12: 408 | R12: 713 | S12: 57.307987
A13: NSW | B13: 10103 | C13: Snowy Mountains | D13: 55–59 | E13: 439 | F13: 730 | G13: 60.1 | I13: 453 | J13: 753 | K13: 60.141144 | M13: 480 | N13: 739 | O13: 64.901301 | Q13: 446 | R13: 725 | S13: 61.476452
A14: NSW | B14: 10103 | C14: Snowy Mountains | D14: 60–64 | E14: 379 | F14: 618 | G14: 61.3 | I14: 406 | J14: 617 | K14: 65.802924 | M14: 425 | N14: 629 | O14: 67.553568 | Q14: 432 | R14: 657 | S14: 65.854102
A15: NSW | B15: 10103 | C15: Snowy Mountains | D15: 65–69 | E15: 358 | F15: 567 | G15: 63.1 | I15: 371 | J15: 571 | K15: 65.034556 | M15: 399 | N15: 583 | O15: 68.51598 | Q15: 380 | R15: 575 | S15: 66.169452
A16: NSW | B16: 10103 | C16: Snowy Mountains | D16: 70–74 | E16: 267 | F16: 463 | G16: 57.6 | I16: 290 | J16: 485 | K16: 59.776372 | M16: 317 | N16: 499 | O16: 63.514051 | Q16: 312 | R16: 511 | S16: 61.098135
... A151: NSW | B151: 10701 | C151: Dapto - Port Kembla | D151: 50–74 | E151: 5756 | F151: 11156 | G151: 51.6 | I151: 5692 | J151: 11229 | K151: 50.694482 | M151: 5730 | N151: 11285 | O151: 50.778127 | Q151: 5423 | R151: 11306 | S151: 47.968597
A152: NSW | B152: 10702 | C152: Illawarra Catchment Reserve | D152: 50–54 | E152: n.p. | F152: n.p. | G152: n.p. | I152: n.p. | J152: n.p. | K152: n.p. | M152: n.p. | N152: n.p. | O152: n.p. | Q152: n.p. | R152: n.p. | S152: n.p.
A153: NSW | B153: 10702 | C153: Illawarra Catchment Reserve | D153: 55–59 | E153: n.p. | F153: n.p. | G153: n.p. | I153: n.p. | J153: n.p. | K153: n.p. | M153: n.p. | N153: n.p. | O153: n.p. | Q153: n.p. | R153: n.p. | S153: n.p.
A154: NSW | B154: 10702 | C154: Illawarra Catchment Reserve | D154: 60–64 | E154: n.p. | F154: n.p. | G154: n.p. | I154: n.p. | J154: n.p. | K154: n.p. | M154: n.p. | N154: n.p. | O154: n.p. | Q154: n.p. | R154: n.p. | S154: n.p.
A155: NSW | B155: 10702 | C155: Illawarra Catchment Reserve | D155: 65–69 | E155: n.p. | F155: n.p. | G155: n.p. | I155: n.p. | J155: n.p. | K155: n.p. | M155: n.p. | N155: n.p. | O155: n.p. | Q155: n.p. | R155: n.p. | S155: n.p.
A156: NSW | B156: 10702 | C156: Illawarra Catchment Reserve | D156: 70–74 | E156: n.p. | F156: n.p. | G156: n.p. | I156: n.p. | J156: n.p. | K156: n.p. | M156: n.p. | N156: n.p. | O156: n.p. | Q156: n.p. | R156: n.p. | S156: n.p.
A157: NSW | B157: 10702 | C157: Illawarra Catchment Reserve | D157: 50–69 | E157: n.p. | F157: n.p. | G157: n.p. | I157: n.p. | J157: n.p. | K157: n.p. | M157: n.p. | N157: n.p. | O157: n.p. | Q157: n.p. | R157: n.p. | S157: n.p.
A158: NSW | B158: 10702 | C158: Illawarra Catchment Reserve | D158: 50–74 | E158: n.p. | F158: n.p. | G158: n.p. | I158: n.p. | J158: n.p. | K158: n.p. | M158: n.p. | N158: n.p. | O158: n.p. | Q158: n.p. | R158: n.p. | S158: n.p.
A159: NSW | B159: 10703 | C159: Kiama - Shellharbour | D159: 50–54 | E159: 1641 | F159: 3184 | G159: 51.5 | I159: 1453 | J159: 3079 | K159: 47.200432 | M159: 1547 | N159: 3023 | O159: 51.171986 | Q159: 1391 | R159: 3031 | S159: 45.906016
A160: NSW | B160: 10703 | C160: Kiama - Shellharbour | D160: 55–59 | E160: 1911 | F160: 3299 | G160: 57.9 | I160: 1842 | J160: 3374 | K160: 54.601057 | M160: 1857 | N160: 3414 | O160: 54.385263 | Q160: 1728 | R160: 3378 | S160: 51.145315
A161: NSW | B161: 10703 | C161: Kiama - Shellharbour | D161: 60–64 | E161: 1890 | F161: 2975 | G161: 63.5 | I161: 1895 | J161: 3042 | K161: 62.313913 | M161: 1963 | N161: 3126 | O161: 62.796983 | Q161: 1857 | R161: 3256 | S161: 57.048623
A162: NSW | B162: 10703 | C162: Kiama - Shellharbour | D162: 65–69 | E162: 1677 | F162: 2644 | G162: 63.4 | I162: 1687 | J162: 2695 | K162: 62.618105 | M162: 1739 | N162: 2792 | O162: 62.30573 | Q162: 1716 | R162: 2911 | S162: 58.969001
A163: NSW | B163: 10703 | C163: Kiama - Shellharbour | D163: 70–74 | E163: 1310 | F163: 2173 | G163: 60.3 | I163: 1397 | J163: 2300 | K163: 60.755299 | M163: 1417 | N163: 2390 | O163: 59.300271 | Q163: 1416 | R163: 2452 | S163: 57.765221
A164: NSW | B164: 10703 | C164: Kiama - Shellharbour | D164: 50–69 | E164: 7118 | F164: 12101 | G164: 58.8 | I164: 6878 | J164: 12188 | K164: 56.428901 | M164: 7106 | N164: 12354 | O164: 57.517276 | Q164: 6693 | R164: 12575 | S164: 53.221557
A165: NSW | B165: 10703 | C165: Kiama - Shellharbour | D165: 50–74 | E165: 8428 | F165: 14273 | G165: 59.1 | I165: 8275 | J165: 14488 | K165: 57.1156 | M165: 8523 | N165: 14744 | O165: 57.806299 | Q165: 8109 | R165: 15027 | S165: 53.96296
A166: NSW | B166: 10704 | C166: Wollongong | D166: 50–54 | E166: 1977 | F166: 4165 | G166: 47.5 | I166: 1852 | J166: 4084 | K166: 45.353251 | M166: 1999 | N166: 4063 | O166: 49.200098 | Q166: 1934 | R166: 4096 | S166: 47.216797
A167: NSW | B167: 10704 | C167: Wollongong | D167: 55–59 | E167: 2175 | F167: 4183 | G167: 52 | I167: 2121 | J167: 4218 | K167: 50.290456 | M167: 2185 | N167: 4252 | O167: 51.387582 | Q167: 2109 | R167: 4293 | S167: 49.126485
A168: NSW | B168: 10704 | C168: Wollongong | D168: 60–64 | E168: 2156 | F168: 3733 | G168: 57.8 | I168: 2182 | J168: 3798 | K168: 57.458855 | M168: 2240 | N168: 3848 | O168: 58.219623 | Q168: 2171 | R168: 3963 | S168: 54.788644
A169: NSW | B169: 10704 | C169: Wollongong | D169: 65–69 | E169: 1945 | F169: 3228 | G169: 60.3 | I169: 1912 | J169: 3243 | K169: 58.966847 | M169: 1962 | N169: 3322 | O169: 59.069697 | Q169: 1996 | R169: 3384 | S169: 58.983452
A170: NSW | B170: 10704 | C170: Wollongong | D170: 70–74 | E170: 1407 | F170: 2737 | G170: 51.4 | I170: 1619 | J170: 2831 | K170: 57.188273 | M170: 1569 | N170: 2882 | O170: 54.44136 | Q170: 1615 | R170: 2943 | S170: 54.885302
... A186: NSW | B186: 10802 | C186: Kempsey - Nambucca | D186: 50–74 | E186: 5258 | F186: 9248 | G186: 56.9 | I186: 5493 | J186: 9348 | K186: 58.758581 | M186: 5623 | N186: 9444 | O186: 59.536027 | Q186: 5246 | R186: 9520 | S186: 55.10386
A187: NSW | B187: 10803 | C187: Lord Howe Island | D187: 50–54 | E187: n.p. | F187: n.p. | G187: n.p. | I187: n.p. | J187: n.p. | K187: n.p. | M187: n.p. | N187: n.p. | O187: n.p. | Q187: n.p. | R187: n.p. | S187: n.p.
A188: NSW | B188: 10803 | C188: Lord Howe Island | D188: 55–59 | E188: n.p. | F188: n.p. | G188: n.p. | I188: n.p. | J188: n.p. | K188: n.p. | M188: n.p. | N188: n.p. | O188: n.p. | Q188: n.p. | R188: n.p. | S188: n.p.
A189: NSW | B189: 10803 | C189: Lord Howe Island | D189: 60–64 | E189: n.p. | F189: n.p. | G189: n.p. | I189: n.p. | J189: n.p. | K189: n.p. | M189: n.p. | N189: n.p. | O189: n.p. | Q189: n.p. | R189: n.p. | S189: n.p.
A190: NSW | B190: 10803 | C190: Lord Howe Island | D190: 65–69 | E190: n.p. | F190: n.p. | G190: n.p. | I190: n.p. | J190: n.p. | K190: n.p. | M190: n.p. | N190: n.p. | O190: n.p. | Q190: n.p. | R190: n.p. | S190: n.p.
A191: NSW | B191: 10803 | C191: Lord Howe Island | D191: 70–74 | E191: n.p. | F191: n.p. | G191: n.p. | I191: n.p. | J191: n.p. | K191: n.p. | M191: n.p. | N191: n.p. | O191: n.p. | Q191: n.p. | R191: n.p. | S191: n.p.
A192: NSW | B192: 10803 | C192: Lord Howe Island | D192: 50–69 | E192: n.p. | F192: n.p. | G192: n.p. | I192: n.p. | J192: n.p. | K192: n.p. | M192: n.p. | N192: n.p. | O192: n.p. | Q192: n.p. | R192: n.p. | S192: n.p.
A193: NSW | B193: 10803 | C193: Lord Howe Island | D193: 50–74 | E193: n.p. | F193: n.p. | G193: n.p. | I193: n.p. | J193: n.p. | K193: n.p. | M193: n.p. | N193: n.p. | O193: n.p. | Q193: n.p. | R193: n.p. | S193: n.p.
A194: NSW | B194: 10804 | C194: Port Macquarie | D194: 50–54 | E194: 1393 | F194: 2742 | G194: 50.8 | I194: 1374 | J194: 2661 | K194: 51.638677 | M194: 1422 | N194: 2659 | O194: 53.490613 | Q194: 1317 | R194: 2710 | S194: 48.597243
A195: NSW | B195: 10804 | C195: Port Macquarie | D195: 55–59 | E195: 1668 | F195: 3081 | G195: 54.2 | I195: 1704 | J195: 3175 | K195: 53.678121 | M195: 1766 | N195: 3172 | O195: 55.680849 | Q195: 1587 | R195: 3136 | S195: 50.62832
A196: NSW | B196: 10804 | C196: Port Macquarie | D196: 60–64 | E196: 1931 | F196: 2892 | G196: 66.8 | I196: 1959 | J196: 2982 | K196: 65.70673 | M196: 2023 | N196: 3149 | O196: 64.266177 | Q196: 1863 | R196: 3305 | S196: 56.372249
A197: NSW | B197: 10804 | C197: Port Macquarie | D197: 65–69 | E197: 2129 | F197: 3165 | G197: 67.3 | I197: 2117 | J197: 3175 | K197: 66.692486 | M197: 2161 | N197: 3153 | O197: 68.527152 | Q197: 1973 | R197: 3174 | S197: 62.162576
A198: NSW | B198: 10804 | C198: Port Macquarie | D198: 70–74 | E198: 1823 | F198: 2863 | G198: 63.7 | I198: 1830 | J198: 3007 | K198: 60.880089 | M198: 2031 | N198: 3109 | O198: 65.326719 | Q198: 1911 | R198: 3211 | S198: 59.520334
A199: NSW | B199: 10804 | C199: Port Macquarie | D199: 50–69 | E199: 7121 | F199: 11879 | G199: 59.9 | I199: 7154 | J199: 11992 | K199: 59.661562 | M199: 7372 | N199: 12132 | O199: 60.767608 | Q199: 6740 | R199: 12324 | S199: 54.692214
A200: NSW | B200: 10804 | C200: Port Macquarie | D200: 50–74 | E200: 8944 | F200: 14742 | G200: 60.7 | I200: 8985 | J200: 14998 | K200: 59.905828 | M200: 9403 | N200: 15241 | O200: 61.697498 | Q200: 8651 | R200: 15535 | S200: 55.690037
A201: NSW | B201: 10805 | C201: Taree - Gloucester | D201: 50–54 | E201: 1075 | F201: 1926 | G201: 55.8 | I201: 955 | J201: 1886 | K201: 50.644161 | M201: 932 | N201: 1799 | O201: 51.800611 | Q201: 885 | R201: 1747 | S201: 50.684885
A202: NSW | B202: 10805 | C202: Taree - Gloucester | D202: 55–59 | E202: 1293 | F202: 2248 | G202: 57.5 | I202: 1250 | J202: 2262 | K202: 55.261175 | M202: 1256 | N202: 2260 | O202: 55.581541 | Q202: 1182 | R202: 2229 | S202: 53.007339
A203: NSW | B203: 10805 | C203: Taree - Gloucester | D203: 60–64 | E203: 1473 | F203: 2237 | G203: 65.8 | I203: 1464 | J203: 2307 | K203: 63.472131 | M203: 1530 | N203: 2381 | O203: 64.278134 | Q203: 1487 | R203: 2436 | S203: 61.072555
A204: NSW | B204: 10805 | C204: Taree - Gloucester | D204: 65–69 | E204: 1519 | F204: 2282 | G204: 66.6 | I204: 1571 | J204: 2277 | K204: 68.997893 | M204: 1583 | N204: 2301 | O204: 68.796381 | Q204: 1511 | R204: 2322 | S204: 65.067264
A205: NSW | B205: 10805 | C205: Taree - Gloucester | D205: 70–74 | E205: 1193 | F205: 1874 | G205: 63.7 | I205: 1263 | J205: 1988 | K205: 63.563865 | M205: 1345 | N205: 2077 | O205: 64.781265 | Q205: 1382 | R205: 2155 | S205: 64.122058
... A347: NSW | B347: 11502 | C347: Dural - Wisemans Ferry | D347: 50–74 | E347: 2286 | F347: 4184 | G347: 54.6 | I347: 2256 | J347: 4199 | K347: 53.728268 | M347: 2320 | N347: 4239 | O347: 54.743977 | Q347: 2168 | R347: 4310 | S347: 50.300508
A348: NSW | B348: 11503 | C348: Hawkesbury | D348: 50–54 | E348: n.p. | F348: n.p. | G348: n.p. | I348: n.p. | J348: n.p. | K348: n.p. | M348: n.p. | N348: n.p. | O348: n.p. | Q348: n.p. | R348: n.p. | S348: n.p.
A349: NSW | B349: 11503 | C349: Hawkesbury | D349: 55–59 | E349: n.p. | F349: n.p. | G349: n.p. | I349: n.p. | J349: n.p. | K349: n.p. | M349: n.p. | N349: n.p. | O349: n.p. | Q349: n.p. | R349: n.p. | S349: n.p.
A350: NSW | B350: 11503 | C350: Hawkesbury | D350: 60–64 | E350: n.p. | F350: n.p. | G350: n.p. | I350: n.p. | J350: n.p. | K350: n.p. | M350: n.p. | N350: n.p. | O350: n.p. | Q350: n.p. | R350: n.p. | S350: n.p.
A351: NSW | B351: 11503 | C351: Hawkesbury | D351: 65–69 | E351: n.p. | F351: n.p. | G351: n.p. | I351: n.p. | J351: n.p. | K351: n.p. | M351: n.p. | N351: n.p. | O351: n.p. | Q351: n.p. | R351: n.p. | S351: n.p.
A352: NSW | B352: 11503 | C352: Hawkesbury | D352: 70–74 | E352: n.p. | F352: n.p. | G352: n.p. | I352: n.p. | J352: n.p. | K352: n.p. | M352: n.p. | N352: n.p. | O352: n.p. | Q352: n.p. | R352: n.p. | S352: n.p.
A353: NSW | B353: 11503 | C353: Hawkesbury | D353: 50–69 | E353: n.p. | F353: n.p. | G353: n.p. | I353: n.p. | J353: n.p. | K353: n.p. | M353: n.p. | N353: n.p. | O353: n.p. | Q353: n.p. | R353: n.p. | S353: n.p.
A354: NSW | B354: 11503 | C354: Hawkesbury | D354: 50–74 | E354: n.p. | F354: n.p. | G354: n.p. | I354: n.p. | J354: n.p. | K354: n.p. | M354: n.p. | N354: n.p. | O354: n.p. | Q354: n.p. | R354: n.p. | S354: n.p.
A355: NSW | B355: 11504 | C355: Rouse Hill - McGraths Hill | D355: 50–54 | E355: n.p. | F355: n.p. | G355: n.p. | I355: n.p. | J355: n.p. | K355: n.p. | M355: n.p. | N355: n.p. | O355: n.p. | Q355: n.p. | R355: n.p. | S355: n.p.
A356: NSW | B356: 11504 | C356: Rouse Hill - McGraths Hill | D356: 55–59 | E356: n.p. | F356: n.p. | G356: n.p. | I356: n.p. | J356: n.p. | K356: n.p. | M356: n.p. | N356: n.p. | O356: n.p. | Q356: n.p. | R356: n.p. | S356: n.p.
A357: NSW | B357: 11504 | C357: Rouse Hill - McGraths Hill | D357: 60–64 | E357: n.p. | F357: n.p. | G357: n.p. | I357: n.p. | J357: n.p. | K357: n.p. | M357: n.p. | N357: n.p. | O357: n.p. | Q357: n.p. | R357: n.p. | S357: n.p.
A358: NSW | B358: 11504 | C358: Rouse Hill - McGraths Hill | D358: 65–69 | E358: n.p. | F358: n.p. | G358: n.p. | I358: n.p. | J358: n.p. | K358: n.p. | M358: n.p. | N358: n.p. | O358: n.p. | Q358: n.p. | R358: n.p. | S358: n.p.
A359: NSW | B359: 11504 | C359: Rouse Hill - McGraths Hill | D359: 70–74 | E359: n.p. | F359: n.p. | G359: n.p. | I359: n.p. | J359: n.p. | K359: n.p. | M359: n.p. | N359: n.p. | O359: n.p. | Q359: n.p. | R359: n.p. | S359: n.p.
... A361: NSW | B361: 11504 | C361: Rouse Hill - McGraths Hill | D361: 50–74 | E361: n.p. | F361: n.p. | G361: n.p. | I361: n.p. | J361: n.p. | K361: n.p. | M361: n.p. | N361: n.p. | O361: n.p. | Q361: n.p. | R361: n.p. | S361: n.p.
A362: NSW | B362: 11601 | C362: Blacktown | D362: 50–54 | E362: 1839 | F362: 4045 | G362: 45.5 | I362: 1800 | J362: 4011 | K362: 44.866544 | M362: 1811 | N362: 4002 | O362: 45.257483 | Q362: 1668 | R362: 4002 | S362: 41.690734
A363: NSW | B363: 11601 | C363: Blacktown | D363: 55–59 | E363: 1917 | F363: 4069 | G363: 47.1 | I363: 1836 | J363: 4057 | K363: 45.261731 | M363: 1826 | N363: 4008 | O363: 45.556816 | Q363: 1811 | R363: 4013 | S363: 45.140333
A364: NSW | B364: 11601 | C364: Blacktown | D364: 60–64 | E364: 1870 | F364: 3665 | G364: 51 | I364: 1822 | J364: 3746 | K364: 48.649664 | M364: 1828 | N364: 3799 | O364: 48.119265 | Q364: 1764 | R364: 3903 | S364: 45.185515
